filename,status,num_records,total_chars,thin_chunks,table_ratio,file_bytes,issues,preview
08_06_2021_Statistical-Annex-to-the-Budget-Statement-for-FY-2021-22-pure_tables.json,EMPTY,0,0,9,0.00,4613214,Has 9 table(s) but zero prose blocks — possible tables-only doc or missed body text | All records extracted to empty text,
2007-10-years-report-KICTANet.json,EMPTY,0,0,7,0.00,1554274,Has 7 table(s) but zero prose blocks — possible tables-only doc or missed body text | All records extracted to empty text,
2012-FATF-Recommendations.json,EMPTY,0,0,30,0.00,2626659,Has 30 table(s) but zero prose blocks — possible tables-only doc or missed body text | All records extracted to empty text,
2015-Policy-Act.json,EMPTY,0,0,1,0.00,1907915,Has 1 table(s) but zero prose blocks — possible tables-only doc or missed body text | All records extracted to empty text,
2016-Agricultural-Biotechnology-Nairobi-Kenya.json,EMPTY,0,0,5,0.00,387684,Has 5 table(s) but zero prose blocks — possible tables-only doc or missed body text | All records extracted to empty text,
2016-Annual-Report-PPOA.json,EMPTY,0,0,72,0.00,4015070,Has 72 table(s) but zero prose blocks — possible tables-only doc or missed body text | All records extracted to empty text,
2016-Audit-Report.json,EMPTY,0,0,3,0.00,437986,Has 3 table(s) but zero prose blocks — possible tables-only doc or missed body text | All records extracted to empty text,
2016-Budget-Review-and-Outlook-Paper.json,EMPTY,0,0,19,0.00,8935145,Has 19 table(s) but zero prose blocks — possible tables-only doc or missed body text | All records extracted to empty text,
2016-IGF-Report.json,EMPTY,0,0,1,0.00,377942,Has 1 table(s) but zero prose blocks — possible tables-only doc or missed body text | All records extracted to empty text,
2016-Strategic-Plan-KNEC-Cybersecurity.json,EMPTY,0,0,6,0.00,974771,Has 6 table(s) but zero prose blocks — possible tables-only doc or missed body text | All records extracted to empty text,
2017-Annual-EACC-Report.json,EMPTY,0,0,100,0.00,7527782,Has 100 table(s) but zero prose blocks — possible tables-only doc or missed body text | All records extracted to empty text,
2017-Annual-Report-Financial-Statements.json,EMPTY,0,0,97,0.00,7389121,Has 97 table(s) but zero prose blocks — possible tables-only doc or missed body text | All records extracted to empty text,
2017-Audit-Report.json,EMPTY,0,0,10,0.00,1931984,Has 10 table(s) but zero prose blocks — possible tables-only doc or missed body text | All records extracted to empty text,
2017-Budget-Policy-Statement.json,EMPTY,0,0,46,0.00,13394542,Has 46 table(s) but zero prose blocks — possible tables-only doc or missed body text | All records extracted to empty text,
2017-Economic-Survey.json,EMPTY,0,0,293,0.00,59495707,Has 293 table(s) but zero prose blocks — possible tables-only doc or missed body text | All records extracted to empty text,
2017-IGF-Report-10th-Kenya-IGF.json,EMPTY,0,0,1,0.00,405053,Has 1 table(s) but zero prose blocks — possible tables-only doc or missed body text | All records extracted to empty text,
2017-State-of-ICT-Report.json,EMPTY,0,0,2,0.00,774349,Has 2 table(s) but zero prose blocks — possible tables-only doc or missed body text | All records extracted to empty text,
2017-Strategic-Plan-Ministry-of-Agriculture-Capacity-Building.json,EMPTY,0,0,28,0.00,2132525,Has 28 table(s) but zero prose blocks — possible tables-only doc or missed body text | All records extracted to empty text,
2017_Budget_Review_and_outlook_paper.json,EMPTY,0,0,19,0.00,9611384,Has 19 table(s) but zero prose blocks — possible tables-only doc or missed body text | All records extracted to empty text,
2018-2019-Annual-Report-EACC.json,EMPTY,0,0,114,0.00,7439393,Has 114 table(s) but zero prose blocks — possible tables-only doc or missed body text | All records extracted to empty text,
2018-2019-Anual-Report-PPRA.json,EMPTY,0,0,90,0.00,6253423,Has 90 table(s) but zero prose blocks — possible tables-only doc or missed body text | All records extracted to empty text,
2018-Audit-Report-Book.json,EMPTY,0,0,66,0.00,3990950,Has 66 table(s) but zero prose blocks — possible tables-only doc or missed body text | All records extracted to empty text,
2018-Budget-Policy-Statement.json,EMPTY,0,0,42,0.00,12304083,Has 42 table(s) but zero prose blocks — possible tables-only doc or missed body text | All records extracted to empty text,
2018-EU-Regulation-Deforestation.json,EMPTY,0,0,0,0.00,51354,All records extracted to empty text,
2018-Economic-Survey.json,EMPTY,0,0,307,0.00,63081424,Has 307 table(s) but zero prose blocks — possible tables-only doc or missed body text | All records extracted to empty text,
2018-Guidelines-WFP-Water-Management.json,EMPTY,0,0,4,0.00,1104546,Has 4 table(s) but zero prose blocks — possible tables-only doc or missed body text | All records extracted to empty text,
2018-Report-KIGF-Report.json,EMPTY,0,0,2,0.00,324423,Has 2 table(s) but zero prose blocks — possible tables-only doc or missed body text | All records extracted to empty text,
2018-Strategic-Plan-MOALF.json,EMPTY,0,0,44,0.00,6178949,Has 44 table(s) but zero prose blocks — possible tables-only doc or missed body text | All records extracted to empty text,
2018-Strategic-Plan-NES.json,EMPTY,0,0,142,0.00,18083839,Has 142 table(s) but zero prose blocks — possible tables-only doc or missed body text | All records extracted to empty text,
2018_Budget_Review_and_Outlook_Paper_September_2018.json,EMPTY,0,0,22,0.00,9549963,Has 22 table(s) but zero prose blocks — possible tables-only doc or missed body text | All records extracted to empty text,
2019-Annual-Report-20-18th-MAY.json,EMPTY,0,0,118,0.00,7865542,Has 118 table(s) but zero prose blocks — possible tables-only doc or missed body text | All records extracted to empty text,
2019-Annual-Report-Final.json,EMPTY,0,0,58,0.00,5445575,Has 58 table(s) but zero prose blocks — possible tables-only doc or missed body text | All records extracted to empty text,
2019-Audit-Report.json,EMPTY,0,0,8,0.00,1197046,Has 8 table(s) but zero prose blocks — possible tables-only doc or missed body text | All records extracted to empty text,
2019-Budget-Policy-Statement.json,EMPTY,0,0,58,0.00,13360894,Has 58 table(s) but zero prose blocks — possible tables-only doc or missed body text | All records extracted to empty text,
2019-Budget-Review-and-Outlook-Paper-Final.json,EMPTY,0,0,35,0.00,11265161,Has 35 table(s) but zero prose blocks — possible tables-only doc or missed body text | All records extracted to empty text,
2019-EAIGF-Audit-Report.json,EMPTY,0,0,0,0.00,42855,All records extracted to empty text,
2019-Economic-Survey.json,EMPTY,0,0,311,0.00,66470653,Has 311 table(s) but zero prose blocks — possible tables-only doc or missed body text | All records extracted to empty text,
2019-Framework-KICD-Basic-Education-Curriculum.json,EMPTY,0,0,12,0.00,2744436,Has 12 table(s) but zero prose blocks — possible tables-only doc or missed body text | All records extracted to empty text,
2019-IGF-Report.json,EMPTY,0,0,5,0.00,906373,Has 5 table(s) but zero prose blocks — possible tables-only doc or missed body text | All records extracted to empty text,
2019-Policy-KNEC-Revised-National-Curriculum-May-9-2019.json,EMPTY,0,0,1,0.00,481318,Has 1 table(s) but zero prose blocks — possible tables-only doc or missed body text | All records extracted to empty text,
2019-Strategic-Roots-and-Tuber-Crops-Strategy.json,EMPTY,0,0,29,0.00,1812303,Has 29 table(s) but zero prose blocks — possible tables-only doc or missed body text | All records extracted to empty text,
2019_Budget_Policy_Statement_Creating_Jobs_Transforming_Lives-Harnessing_the_Big_Four_February_2019.json,EMPTY,0,0,55,0.00,11158077,Has 55 table(s) but zero prose blocks — possible tables-only doc or missed body text | All records extracted to empty text,
2020-Annual-Report-Huduma-Namba.json,EMPTY,0,0,2,0.00,914132,Has 2 table(s) but zero prose blocks — possible tables-only doc or missed body text | All records extracted to empty text,
2020-Annual-Report-Ketraco-FINAL-PRINTING-June_26.json,EMPTY,0,0,64,0.00,5642218,Has 64 table(s) but zero prose blocks — possible tables-only doc or missed body text | All records extracted to empty text,
2020-Economic-Survey.json,EMPTY,0,0,363,0.00,72677181,Has 363 table(s) but zero prose blocks — possible tables-only doc or missed body text | All records extracted to empty text,
2020-Energy-Statistics-Report.json,EMPTY,0,0,35,0.00,5352931,Has 35 table(s) but zero prose blocks — possible tables-only doc or missed body text | All records extracted to empty text,
2020-Essential-ICT-Survey.json,EMPTY,0,0,5,0.00,620391,Has 5 table(s) but zero prose blocks — possible tables-only doc or missed body text | All records extracted to empty text,
2020-IGF-Kenya-Report.json,EMPTY,0,0,3,0.00,461783,Has 3 table(s) but zero prose blocks — possible tables-only doc or missed body text | All records extracted to empty text,
2020-Magazine-DVS-A-New-Dawn.json,EMPTY,0,0,4,0.00,964144,Has 4 table(s) but zero prose blocks — possible tables-only doc or missed body text | All records extracted to empty text,
2020-Policy-Government-National-ICT-Policy-Guidelines.json,EMPTY,0,0,1,0.00,787773,Has 1 table(s) but zero prose blocks — possible tables-only doc or missed body text | All records extracted to empty text,
2020-Regulations-Amendments.json,EMPTY,0,0,0,0.00,54891,All records extracted to empty text,
202021-Annual-Report-EACC.json,EMPTY,0,0,0,0.00,0,File is completely empty (0 bytes of text),
202021-annual-revenue-performance-final.json,EMPTY,0,0,1,0.00,703814,Has 1 table(s) but zero prose blocks — possible tables-only doc or missed body text | All records extracted to empty text,
2020_Budget_Policy_Statement.json,EMPTY,0,0,55,0.00,14359592,Has 55 table(s) but zero prose blocks — possible tables-only doc or missed body text | All records extracted to empty text,
2021-2022-Audited-Financial-Statements.json,EMPTY,0,0,61,0.00,3905044,Has 61 table(s) but zero prose blocks — possible tables-only doc or missed body text | All records extracted to empty text,
2021-2022-Treasury-Memorandum-Public-Accounts-Committee-Report.json,EMPTY,0,0,172,0.00,6406303,Has 172 table(s) but zero prose blocks — possible tables-only doc or missed body text | All records extracted to empty text,
2021-Act-KNEC-Data-Protection-Act.json,EMPTY,0,0,3,0.00,922242,Has 3 table(s) but zero prose blocks — possible tables-only doc or missed body text | All records extracted to empty text,
2021-Act-KNEC-Education.json,EMPTY,0,0,0,0.00,346441,All records extracted to empty text,
2021-Annual-Report-Field-Guide-4-Human-Nutrition-in-Resource-Management-in-Arid-and-Semi-Arid-Zones.json,EMPTY,0,0,7,0.00,1410966,Has 7 table(s) but zero prose blocks — possible tables-only doc or missed body text | All records extracted to empty text,
2021-Annual-Report-KPA.json,EMPTY,0,0,30,0.00,3423101,Has 30 table(s) but zero prose blocks — possible tables-only doc or missed body text | All records extracted to empty text,
2021-Annual-Report-KeRRA-Appropriation-in-Aid-Receipts-on-E-Citizen.json,EMPTY,0,0,0,0.00,130904,All records extracted to empty text,
2021-Annual-Report-PPRA.json,EMPTY,0,0,138,0.00,10538588,Has 138 table(s) but zero prose blocks — possible tables-only doc or missed body text | All records extracted to empty text,
2021-Annual-Report.json,EMPTY,0,0,151,0.00,9688988,Has 151 table(s) but zero prose blocks — possible tables-only doc or missed body text | All records extracted to empty text,
2021-Audit-Report-Alternative-Business-and-Partnerships-Booklet.json,EMPTY,0,0,0,0.00,149746,All records extracted to empty text,
2021-Audit-Report-Auditor-General.json,EMPTY,0,0,0,0.00,151628,All records extracted to empty text,
2021-Audit-Report-Changes-Accepted.json,EMPTY,0,0,106,0.00,12648249,Has 106 table(s) but zero prose blocks — possible tables-only doc or missed body text | All records extracted to empty text,
2021-Audit-Report-Charter.json,EMPTY,0,0,1,0.00,184010,Has 1 table(s) but zero prose blocks — possible tables-only doc or missed body text | All records extracted to empty text,
2021-Audit-Report-Communication-System.json,EMPTY,0,0,44,0.00,6057966,Has 44 table(s) but zero prose blocks — possible tables-only doc or missed body text | All records extracted to empty text,
2021-Audit-Report-Crop-Conditions.json,EMPTY,0,0,9,0.00,917444,Has 9 table(s) but zero prose blocks — possible tables-only doc or missed body text | All records extracted to empty text,
2021-Audit-Report-Digital-Rights-Kenya-USPR.json,EMPTY,0,0,3,0.00,217034,Has 3 table(s) but zero prose blocks — possible tables-only doc or missed body text | All records extracted to empty text,
2021-Audit-Report-ESMF.json,EMPTY,0,0,124,0.00,6739376,Has 124 table(s) but zero prose blocks — possible tables-only doc or missed body text | All records extracted to empty text,
2021-Audit-Report-KEN-Digital-Readiness-Study.json,EMPTY,0,0,18,0.00,1113174,Has 18 table(s) but zero prose blocks — possible tables-only doc or missed body text | All records extracted to empty text,
2021-Audit-Report-PKETRACO-Portfolio.json,EMPTY,0,0,5,0.00,269229,Has 5 table(s) but zero prose blocks — possible tables-only doc or missed body text | All records extracted to empty text,
2021-Audit-Report-Pavement-Foundation-and-Materials-Design.json,EMPTY,0,0,154,0.00,14414950,Has 154 table(s) but zero prose blocks — possible tables-only doc or missed body text | All records extracted to empty text,
2021-Audit-Report-Safe-Web-for-Women.json,EMPTY,0,0,0,0.00,122058,All records extracted to empty text,
2021-Audit-Report-Wamasae-and-Others.json,EMPTY,0,0,0,0.00,176837,All records extracted to empty text,
2021-Audit-Report.json,EMPTY,0,0,606,0.00,30613335,Has 606 table(s) but zero prose blocks — possible tables-only doc or missed body text | All records extracted to empty text,
2021-Audit-orgenkplc.json,EMPTY,0,0,93,0.00,702428,Has 93 table(s) but zero prose blocks — possible tables-only doc or missed body text | All records extracted to empty text,
2021-Bill-KRC-The-Railways.json,EMPTY,0,0,79,0.00,1715954,Has 79 table(s) but zero prose blocks — possible tables-only doc or missed body text | All records extracted to empty text,
2021-Budget-Policy-Statement.json,EMPTY,0,0,61,0.00,13377856,Has 61 table(s) but zero prose blocks — possible tables-only doc or missed body text | All records extracted to empty text,
2021-Cybercrime-Computer-Misuse.json,EMPTY,0,0,3,0.00,980068,Has 3 table(s) but zero prose blocks — possible tables-only doc or missed body text | All records extracted to empty text,
2021-EnergyandPetroleum-Statistics-Report.json,EMPTY,0,0,22,0.00,2427208,Has 22 table(s) but zero prose blocks — possible tables-only doc or missed body text | All records extracted to empty text,
2021-Field-Guide-Pastoral-and-Agro-pastoral-Production-in-Arid-and-semi-arid-zones.json,EMPTY,0,0,13,0.00,1081850,Has 13 table(s) but zero prose blocks — possible tables-only doc or missed body text | All records extracted to empty text,
2021-Final-Mag-Post.json,EMPTY,0,0,1,0.00,1670351,Has 1 table(s) but zero prose blocks — possible tables-only doc or missed body text | All records extracted to empty text,
2021-Financial-Statements-Konza-Technopolis-Development-Authority.json,EMPTY,0,0,61,0.00,3457271,Has 61 table(s) but zero prose blocks — possible tables-only doc or missed body text | All records extracted to empty text,
2021-Guidelines-Bribery-Act.json,EMPTY,0,0,5,0.00,110822,Has 5 table(s) but zero prose blocks — possible tables-only doc or missed body text | All records extracted to empty text,
2021-IGF-KNEC-YOUTH.json,EMPTY,0,0,0,0.00,310424,All records extracted to empty text,
2021-IGF-Report.json,EMPTY,0,0,6,0.00,655030,Has 6 table(s) but zero prose blocks — possible tables-only doc or missed body text | All records extracted to empty text,
2021-Masterplan-KETRACO-National-ICT-Plan.json,EMPTY,0,0,27,0.00,3724572,Has 27 table(s) but zero prose blocks — possible tables-only doc or missed body text | All records extracted to empty text,
2021-Medium-Term-Debt-Manadement-Strategy.json,EMPTY,0,0,20,0.00,1903550,Has 20 table(s) but zero prose blocks — possible tables-only doc or missed body text | All records extracted to empty text,
2021-Policy-Government-National-Agriculture-Research-System.json,EMPTY,0,0,16,0.00,1157953,Has 16 table(s) but zero prose blocks — possible tables-only doc or missed body text | All records extracted to empty text,
2021-Policy-KNEC-Code20of20Ethics.json,EMPTY,0,0,11,0.00,481651,Has 11 table(s) but zero prose blocks — possible tables-only doc or missed body text | All records extracted to empty text,
2021-Policy-Kenya-PostHarvestManagementOnFoodLossAndWasteReductionStrategy.json,EMPTY,0,0,38,0.00,3152948,Has 38 table(s) but zero prose blocks — possible tables-only doc or missed body text | All records extracted to empty text,
2021-Policy-Ministry-of-Agriculture-National-Agricultural-Insurance.json,EMPTY,0,0,1,0.00,374342,Has 1 table(s) but zero prose blocks — possible tables-only doc or missed body text | All records extracted to empty text,
2021-Policy-Road-Safety-Audits.json,EMPTY,0,0,58,0.00,5226020,Has 58 table(s) but zero prose blocks — possible tables-only doc or missed body text | All records extracted to empty text,
2021-Regulations-Draft-for-national-validation.json,EMPTY,0,0,1,0.00,473402,Has 1 table(s) but zero prose blocks — possible tables-only doc or missed body text | All records extracted to empty text,
2021-Research-IMPACT-OF-SMART-CITIES-ON-SUSTAINABLE-URBAN-DEVELOPMENT.json,EMPTY,0,0,1,0.00,387075,Has 1 table(s) but zero prose blocks — possible tables-only doc or missed body text | All records extracted to empty text,
2021-SR-KNEC-Youth-in-Agribusiness-Strategy.json,EMPTY,0,0,31,0.00,2028441,Has 31 table(s) but zero prose blocks — possible tables-only doc or missed body text | All records extracted to empty text,
2021-Tax-Expenditure-Report.json,EMPTY,0,0,13,0.00,791461,Has 13 table(s) but zero prose blocks — possible tables-only doc or missed body text | All records extracted to empty text,
2021_Budget_Review_and_Outlook_Paper.json,EMPTY,0,0,38,0.00,9331262,Has 38 table(s) but zero prose blocks — possible tables-only doc or missed body text | All records extracted to empty text,
2022-2023-KALRO-Annual-Report.json,EMPTY,0,0,35,0.00,3284008,Has 35 table(s) but zero prose blocks — possible tables-only doc or missed body text | All records extracted to empty text,
2022-23-KALRO-Annual-Report.json,EMPTY,0,0,33,0.00,2722761,Has 33 table(s) but zero prose blocks — possible tables-only doc or missed body text | All records extracted to empty text,
2022-Annual-EACC-Final.json,EMPTY,0,0,154,0.00,9280552,Has 154 table(s) but zero prose blocks — possible tables-only doc or missed body text | All records extracted to empty text,
2022-Annual-KeRRA-Report.json,EMPTY,0,0,72,0.00,4653077,Has 72 table(s) but zero prose blocks — possible tables-only doc or missed body text | All records extracted to empty text,
2022-Annual-Report-BRI.json,EMPTY,0,0,1,0.00,235227,Has 1 table(s) but zero prose blocks — possible tables-only doc or missed body text | All records extracted to empty text,
2022-Annual-Report-CA.json,EMPTY,0,0,66,0.00,6046314,Has 66 table(s) but zero prose blocks — possible tables-only doc or missed body text | All records extracted to empty text,
2022-Annual-Report-GeRRI.json,EMPTY,0,0,27,0.00,1605825,Has 27 table(s) but zero prose blocks — possible tables-only doc or missed body text | All records extracted to empty text,
2022-Annual-Report-HRI-Final.json,EMPTY,0,0,16,0.00,1259557,Has 16 table(s) but zero prose blocks — possible tables-only doc or missed body text | All records extracted to empty text,
2022-Annual-Report-KALRO-Dairy-Research-Institute.json,EMPTY,0,0,16,0.00,1190586,Has 16 table(s) but zero prose blocks — possible tables-only doc or missed body text | All records extracted to empty text,
2022-Annual-Report-KARRO-2023.json,EMPTY,0,0,75,0.00,3952519,Has 75 table(s) but zero prose blocks — possible tables-only doc or missed body text | All records extracted to empty text,
2022-Annual-Report-KNHA-2023.json,EMPTY,0,0,128,0.00,5623033,Has 128 table(s) but zero prose blocks — possible tables-only doc or missed body text | All records extracted to empty text,
2022-Annual-Report-KPLC-Summary-of-Year.json,EMPTY,0,0,3,0.00,145713,Has 3 table(s) but zero prose blocks — possible tables-only doc or missed body text | All records extracted to empty text,
2022-Annual-Report-KPLC-Summary.json,EMPTY,0,0,3,0.00,146702,Has 3 table(s) but zero prose blocks — possible tables-only doc or missed body text | All records extracted to empty text,
2022-Annual-Report-KPLC-Supplies.json,EMPTY,0,0,193,0.00,15871618,Has 193 table(s) but zero prose blocks — possible tables-only doc or missed body text | All records extracted to empty text,
2022-Annual-Report-KPLC-Survey.json,EMPTY,0,0,3,0.00,160491,Has 3 table(s) but zero prose blocks — possible tables-only doc or missed body text | All records extracted to empty text,
2022-Annual-Report-KPLC-Sustainability-Performance.json,EMPTY,0,0,3,0.00,185601,Has 3 table(s) but zero prose blocks — possible tables-only doc or missed body text | All records extracted to empty text,
2022-Annual-Report-National-Transport-Safety-Authority.json,EMPTY,0,0,82,0.00,5233602,Has 82 table(s) but zero prose blocks — possible tables-only doc or missed body text | All records extracted to empty text,
2022-Annual-Report.json,EMPTY,0,0,100,0.00,10118001,Has 100 table(s) but zero prose blocks — possible tables-only doc or missed body text | All records extracted to empty text,
2022-AnnualReport-KALRO-ICRI.json,EMPTY,0,0,89,0.00,6844056,Has 89 table(s) but zero prose blocks — possible tables-only doc or missed body text | All records extracted to empty text,
2022-AnnualReport-KALRO.json,EMPTY,0,0,0,0.00,106259,All records extracted to empty text,
2022-Anual-Report.json,EMPTY,0,0,4,0.00,939762,Has 4 table(s) but zero prose blocks — possible tables-only doc or missed body text | All records extracted to empty text,
2022-Audit-Report-Digital-Version.json,EMPTY,0,0,3,0.00,1284883,Has 3 table(s) but zero prose blocks — possible tables-only doc or missed body text | All records extracted to empty text,
2022-Audit-Report-Migration-And-Invasive-Pests-And-Weeds-Management-Strategy.json,EMPTY,0,0,75,0.00,5316768,Has 75 table(s) but zero prose blocks — possible tables-only doc or missed body text | All records extracted to empty text,
2022-Audit-Report-Study-1.json,EMPTY,0,0,0,0.00,17527,All records extracted to empty text,
2022-Budget-Policy-Statement.json,EMPTY,0,0,85,0.00,15758126,Has 85 table(s) but zero prose blocks — possible tables-only doc or missed body text | All records extracted to empty text,
2022-Economic-Survey.json,EMPTY,0,0,410,0.00,74138106,Has 410 table(s) but zero prose blocks — possible tables-only doc or missed body text | All records extracted to empty text,
2022-Energy-and-Petroleum-Stats-Report.json,EMPTY,0,0,33,0.00,4149474,Has 33 table(s) but zero prose blocks — possible tables-only doc or missed body text | All records extracted to empty text,
2022-Forensic-Audit-Report-on-National-Optic-Fibre-Backbone-Infrastructure-and-IP-Based-HIPATH-4000-Network-Projects.json,EMPTY,0,0,154,0.00,13406756,Has 154 table(s) but zero prose blocks — possible tables-only doc or missed body text | All records extracted to empty text,
2022-IGF-report.json,EMPTY,0,0,1,0.00,675498,Has 1 table(s) but zero prose blocks — possible tables-only doc or missed body text | All records extracted to empty text,
2022-KCSE-EXAMINATION-ESSENTIAL-STATISTICS.json,EMPTY,0,0,14,0.00,2694648,Has 14 table(s) but zero prose blocks — possible tables-only doc or missed body text | All records extracted to empty text,
2022-MER-KENYA-Survey.json,EMPTY,0,0,85,0.00,7119369,Has 85 table(s) but zero prose blocks — possible tables-only doc or missed body text | All records extracted to empty text,
2022-Manual-KNEC-Debarment.json,EMPTY,0,0,15,0.00,752515,Has 15 table(s) but zero prose blocks — possible tables-only doc or missed body text | All records extracted to empty text,
2022-Masterplan-Ministry-of-ICT-Kenya-Digital.json,EMPTY,0,0,82,0.00,4835692,Has 82 table(s) but zero prose blocks — possible tables-only doc or missed body text | All records extracted to empty text,
2022-POST-ELECTION-ECONOMIC-AND-FISCAL-REPORT.json,EMPTY,0,0,12,0.00,1541022,Has 12 table(s) but zero prose blocks — possible tables-only doc or missed body text | All records extracted to empty text,
2022-Policy-Ministry-of-Agriculture-KASEP.json,EMPTY,0,0,27,0.00,1376259,Has 27 table(s) but zero prose blocks — possible tables-only doc or missed body text | All records extracted to empty text,
2022-Policy-publicofficerethicsact-chapter-18_3.json,EMPTY,0,0,34,0.00,3939582,Has 34 table(s) but zero prose blocks — possible tables-only doc or missed body text | All records extracted to empty text,
2022-Regulatory-Impact-Assessment-Ministry-of-Agriculture.json,EMPTY,0,0,65,0.00,3704292,Has 65 table(s) but zero prose blocks — possible tables-only doc or missed body text | All records extracted to empty text,
2022-Strategic-Plan-KNEC-Final2.json,EMPTY,0,0,34,0.00,2743680,Has 34 table(s) but zero prose blocks — possible tables-only doc or missed body text | All records extracted to empty text,
2022-Tax-Expenditure-Report.json,EMPTY,0,0,13,0.00,1043996,Has 13 table(s) but zero prose blocks — possible tables-only doc or missed body text | All records extracted to empty text,
2023-2024-Audit-Report.json,EMPTY,0,0,62,0.00,3218484,Has 62 table(s) but zero prose blocks — possible tables-only doc or missed body text | All records extracted to empty text,
2023-2024-KETRACO-Audit-Report.json,EMPTY,0,0,100,0.00,6046858,Has 100 table(s) but zero prose blocks — possible tables-only doc or missed body text | All records extracted to empty text,
2023-Annual-Report-AFA-Bulletin.json,EMPTY,0,0,24,0.00,1475610,Has 24 table(s) but zero prose blocks — possible tables-only doc or missed body text | All records extracted to empty text,
2023-Annual-Report-Consolidated-Summary-Report-NCCE.json,EMPTY,0,0,17,0.00,650371,Has 17 table(s) but zero prose blocks — possible tables-only doc or missed body text | All records extracted to empty text,
2023-Annual-Report-KENGEN-BESS-Project.json,EMPTY,0,0,17,0.00,969253,Has 17 table(s) but zero prose blocks — possible tables-only doc or missed body text | All records extracted to empty text,
2023-Annual-Report-KNEC-2024.json,EMPTY,0,0,67,0.00,5757862,Has 67 table(s) but zero prose blocks — possible tables-only doc or missed body text | All records extracted to empty text,
2023-Annual-Report-KNEC-Strategic-Plan.json,EMPTY,0,0,48,0.00,5154274,Has 48 table(s) but zero prose blocks — possible tables-only doc or missed body text | All records extracted to empty text,
2023-Annual-Report-KPLC-Performance.json,EMPTY,0,0,3,0.00,6516,Has 3 table(s) but zero prose blocks — possible tables-only doc or missed body text | All records extracted to empty text,
2023-Annual-Report-KPLC-Summary.json,EMPTY,0,0,3,0.00,186667,Has 3 table(s) but zero prose blocks — possible tables-only doc or missed body text | All records extracted to empty text,
2023-Annual-Report-KPLC-Survey.json,EMPTY,0,0,3,0.00,160491,Has 3 table(s) but zero prose blocks — possible tables-only doc or missed body text | All records extracted to empty text,
2023-Annual-Report-Konza-Technopolis-Strategic-Plan.json,EMPTY,0,0,17,0.00,1007611,Has 17 table(s) but zero prose blocks — possible tables-only doc or missed body text | All records extracted to empty text,
2023-Annual-Report-NCG-Newsletter.json,EMPTY,0,0,1,0.00,516009,Has 1 table(s) but zero prose blocks — possible tables-only doc or missed body text | All records extracted to empty text,
2023-Annual-Report-Of-Activities-and-Financial-Statements-for-the-Fiscal-Year-2023-2024-Final-Report.json,EMPTY,0,0,139,0.00,8638732,Has 139 table(s) but zero prose blocks — possible tables-only doc or missed body text | All records extracted to empty text,
2023-Audit-Report-30052024.json,EMPTY,0,0,28,0.00,6872408,Has 28 table(s) but zero prose blocks — possible tables-only doc or missed body text | All records extracted to empty text,
2023-Audit-Report-Addendum.json,EMPTY,0,0,71,0.00,4820590,Has 71 table(s) but zero prose blocks — possible tables-only doc or missed body text | All records extracted to empty text,
2023-Audit-Report-Agricultural-Finance-Corporation.json,EMPTY,0,0,75,0.00,5206497,Has 75 table(s) but zero prose blocks — possible tables-only doc or missed body text | All records extracted to empty text,
2023-Audit-Report-Amended.json,EMPTY,0,0,7,0.00,446445,Has 7 table(s) but zero prose blocks — possible tables-only doc or missed body text | All records extracted to empty text,
2023-Audit-Report-Auditor-General-NGCDF.json,EMPTY,0,0,162,0.00,14914495,Has 162 table(s) but zero prose blocks — possible tables-only doc or missed body text | All records extracted to empty text,
2023-Audit-Report-DigitalskillsforAfrica.json,EMPTY,0,0,22,0.00,4634121,Has 22 table(s) but zero prose blocks — possible tables-only doc or missed body text | All records extracted to empty text,
2023-Audit-Report-Draft.json,EMPTY,0,0,4,0.00,1894815,Has 4 table(s) but zero prose blocks — possible tables-only doc or missed body text | All records extracted to empty text,
2023-Audit-Report-Finaleagricultureandfoodauth.json,EMPTY,0,0,45,0.00,4513075,Has 45 table(s) but zero prose blocks — possible tables-only doc or missed body text | All records extracted to empty text,
2023-Audit-Report-Full-Version.json,EMPTY,0,0,32,0.00,6585189,Has 32 table(s) but zero prose blocks — possible tables-only doc or missed body text | All records extracted to empty text,
2023-Audit-Report-IPPF.json,EMPTY,0,0,2,0.00,339555,Has 2 table(s) but zero prose blocks — possible tables-only doc or missed body text | All records extracted to empty text,
2023-Audit-Report-Intelligent-Transport-System.json,EMPTY,0,0,0,0.00,20913,All records extracted to empty text,
2023-Audit-Report-Other-Traffic-Control-Devices.json,EMPTY,0,0,18,0.00,1676215,Has 18 table(s) but zero prose blocks — possible tables-only doc or missed body text | All records extracted to empty text,
2023-Audit-Report-PKU.json,EMPTY,0,0,0,0.00,5474,All records extracted to empty text,
2023-Audit-Report.json,EMPTY,0,0,7,0.00,626427,Has 7 table(s) but zero prose blocks — possible tables-only doc or missed body text | All records extracted to empty text,
2023-Biannual-Energy-and-Petroleum-Statistics-Report.json,EMPTY,0,0,24,0.00,92003,Has 24 table(s) but zero prose blocks — possible tables-only doc or missed body text | All records extracted to empty text,
2023-Bill-KNEC-National-Addressing.json,EMPTY,0,0,2,0.00,275756,Has 2 table(s) but zero prose blocks — possible tables-only doc or missed body text | All records extracted to empty text,
2023-Bill-KNEC-NationalAddressing-Report.json,EMPTY,0,0,15,0.00,291250,Has 15 table(s) but zero prose blocks — possible tables-only doc or missed body text | All records extracted to empty text,
2023-Budget-Policy-Statement.json,EMPTY,0,0,78,0.00,14941606,Has 78 table(s) but zero prose blocks — possible tables-only doc or missed body text | All records extracted to empty text,
2023-Budget-Review-and-Outlook-Paper_f.json,EMPTY,0,0,39,0.00,9727969,Has 39 table(s) but zero prose blocks — possible tables-only doc or missed body text | All records extracted to empty text,
2023-Bulletin-KNEC-Final.json,EMPTY,0,0,21,0.00,2188479,Has 21 table(s) but zero prose blocks — possible tables-only doc or missed body text | All records extracted to empty text,
2023-Draft-Regulations-Propagating-Seeds.json,EMPTY,0,0,113,0.00,11592614,Has 113 table(s) but zero prose blocks — possible tables-only doc or missed body text | All records extracted to empty text,
2023-Economic-Survey.json,EMPTY,0,0,422,0.00,80632104,Has 422 table(s) but zero prose blocks — possible tables-only doc or missed body text | All records extracted to empty text,
2023-Election-Observer-Report.json,EMPTY,0,0,1,0.00,398042,Has 1 table(s) but zero prose blocks — possible tables-only doc or missed body text | All records extracted to empty text,
2023-Energy-Post-SecondEdition.json,EMPTY,0,0,3,0.00,1214409,Has 3 table(s) but zero prose blocks — possible tables-only doc or missed body text | All records extracted to empty text,
2023-FSRP-ESMF-October-2023.json,EMPTY,0,0,146,0.00,7130230,Has 146 table(s) but zero prose blocks — possible tables-only doc or missed body text | All records extracted to empty text,
2023-FSRP-RPF-OCTOBER.json,EMPTY,0,0,86,0.00,4579113,Has 86 table(s) but zero prose blocks — possible tables-only doc or missed body text | All records extracted to empty text,
2023-FSRP-SEAH-OCTOBER.json,EMPTY,0,0,27,0.00,1670835,Has 27 table(s) but zero prose blocks — possible tables-only doc or missed body text | All records extracted to empty text,
2023-Final-SRP-Monthly-Report.json,EMPTY,0,0,20,0.00,1578038,Has 20 table(s) but zero prose blocks — possible tables-only doc or missed body text | All records extracted to empty text,
2023-Final-SRP-OCTOBER-2023.json,EMPTY,0,0,47,0.00,1934083,Has 47 table(s) but zero prose blocks — possible tables-only doc or missed body text | All records extracted to empty text,
2023-Final-SRP-VMGF.json,EMPTY,0,0,30,0.00,1952539,Has 30 table(s) but zero prose blocks — possible tables-only doc or missed body text | All records extracted to empty text,
2023-Guidelines-KERRA-National-Values-Governance.json,EMPTY,0,0,0,0.00,179666,All records extracted to empty text,
2023-Guidelines-UNODC-ODPP-Prosecution-CEC.json,EMPTY,0,0,3,0.00,1401461,Has 3 table(s) but zero prose blocks — possible tables-only doc or missed body text | All records extracted to empty text,
2023-IGF-Report.json,EMPTY,0,0,12,0.00,1180371,Has 12 table(s) but zero prose blocks — possible tables-only doc or missed body text | All records extracted to empty text,
2023-IGGF-Report.json,EMPTY,0,0,3,0.00,817306,Has 3 table(s) but zero prose blocks — possible tables-only doc or missed body text | All records extracted to empty text,
2023-Manual-KeNHA-RDM-1_3-Geometric-Design.json,EMPTY,0,0,185,0.00,22369742,Has 185 table(s) but zero prose blocks — possible tables-only doc or missed body text | All records extracted to empty text,
2023-Manual-KeNHA-RDM-2_1-Hydrological-Surveys.json,EMPTY,0,0,56,0.00,5563758,Has 56 table(s) but zero prose blocks — possible tables-only doc or missed body text | All records extracted to empty text,
2023-Manual-KeNHA-RDM-2_2-Drainage-Design.json,EMPTY,0,0,99,0.00,14813969,Has 99 table(s) but zero prose blocks — possible tables-only doc or missed body text | All records extracted to empty text,
2023-Manual-KeNHA-RDM-3_1-Ground-Investigations.json,EMPTY,0,0,32,0.00,3965880,Has 32 table(s) but zero prose blocks — possible tables-only doc or missed body text | All records extracted to empty text,
2023-Manual-KeNHA-RDM-3_4-Flexible-Pavement-Design.json,EMPTY,0,0,88,0.00,9546063,Has 88 table(s) but zero prose blocks — possible tables-only doc or missed body text | All records extracted to empty text,
2023-Manual-KeNHA-RDM-3_5-Rigid-Pavement-Design.json,EMPTY,0,0,63,0.00,7156098,Has 63 table(s) but zero prose blocks — possible tables-only doc or missed body text | All records extracted to empty text,
2023-Manual-KeNHA-RDM-4_2-Bridge-Culvert-Design.json,EMPTY,0,0,223,0.00,27978712,Has 223 table(s) but zero prose blocks — possible tables-only doc or missed body text | All records extracted to empty text,
2023-Manual-KeNHA-RDM-5_1-Pavement-Condition-Survey.json,EMPTY,0,0,95,0.00,8652313,Has 95 table(s) but zero prose blocks — possible tables-only doc or missed body text | All records extracted to empty text,
2023-Manual-KeNHA-RDM-5_2-Pavement-Maintenance.json,EMPTY,0,0,131,0.00,17545797,Has 131 table(s) but zero prose blocks — possible tables-only doc or missed body text | All records extracted to empty text,
2023-Policy-Repeal-Bill.json,EMPTY,0,0,0,0.00,13440,All records extracted to empty text,
2023-Regulations-KNEC-Validation-Copy.json,EMPTY,0,0,6,0.00,87952,Has 6 table(s) but zero prose blocks — possible tables-only doc or missed body text | All records extracted to empty text,
2023-Statistics-EPRA.json,EMPTY,0,0,24,0.00,2443150,Has 24 table(s) but zero prose blocks — possible tables-only doc or missed body text | All records extracted to empty text,
2023-Strategic-National-Broadband-Strategy.json,EMPTY,0,0,77,0.00,5493394,Has 77 table(s) but zero prose blocks — possible tables-only doc or missed body text | All records extracted to empty text,
2023-Strategic-Plan-KURA-August2024.json,EMPTY,0,0,88,0.00,11084886,Has 88 table(s) but zero prose blocks — possible tables-only doc or missed body text | All records extracted to empty text,
2023-Strategic-Plan-KeRRA.json,EMPTY,0,0,37,0.00,5678507,Has 37 table(s) but zero prose blocks — possible tables-only doc or missed body text | All records extracted to empty text,
2023-Strategic-Plan-Ministry-For-Validation-Engagement-19_12_2023-1.json,EMPTY,0,0,60,0.00,6210341,Has 60 table(s) but zero prose blocks — possible tables-only doc or missed body text | All records extracted to empty text,
2023-Strategic-Plan-MinistryOfEducation-MediumTermExpenditureFramework.json,EMPTY,0,0,123,0.00,43484962,Has 123 table(s) but zero prose blocks — possible tables-only doc or missed body text | All records extracted to empty text,
2023-Strategic-Plan-NI.json,EMPTY,0,0,72,0.00,8270281,Has 72 table(s) but zero prose blocks — possible tables-only doc or missed body text | All records extracted to empty text,
2023-Strategic-Plan-National-E-Commerce-Strategy.json,EMPTY,0,0,15,0.00,1472412,Has 15 table(s) but zero prose blocks — possible tables-only doc or missed body text | All records extracted to empty text,
2023-Strategic-Plan-ODPP.json,EMPTY,0,0,103,0.00,8423606,Has 103 table(s) but zero prose blocks — possible tables-only doc or missed body text | All records extracted to empty text,
2023-Strategic-Who-Globally-DigitalHealth.json,EMPTY,0,0,14,0.00,773897,Has 14 table(s) but zero prose blocks — possible tables-only doc or missed body text | All records extracted to empty text,
2023-Tax-Expenditure-Report-Final.json,EMPTY,0,0,23,0.00,1868566,Has 23 table(s) but zero prose blocks — possible tables-only doc or missed body text | All records extracted to empty text,
2024-25-Survey-GoK-Kenya-Census-of-Agriculture-Pilot.json,EMPTY,0,0,79,0.00,13882381,Has 79 table(s) but zero prose blocks — possible tables-only doc or missed body text | All records extracted to empty text,
2024-Annual-Procurement-Plan-KeNHA-Maintenance.json,EMPTY,0,0,94,0.00,19288943,Has 94 table(s) but zero prose blocks — possible tables-only doc or missed body text | All records extracted to empty text,
2024-Annual-Report-AFA-Second-Quarter-Bulletin.json,EMPTY,0,0,43,0.00,5737003,Has 43 table(s) but zero prose blocks — possible tables-only doc or missed body text | All records extracted to empty text,
2024-Annual-Report-KICTANet.json,EMPTY,0,0,3,0.00,413973,Has 3 table(s) but zero prose blocks — possible tables-only doc or missed body text | All records extracted to empty text,
2024-Annual-Report-KenGen-Integrated-Report.json,EMPTY,0,0,163,0.00,14744631,Has 163 table(s) but zero prose blocks — possible tables-only doc or missed body text | All records extracted to empty text,
2024-Annual-Report-National-Agriculture-Production.json,EMPTY,0,0,139,0.00,31826927,Has 139 table(s) but zero prose blocks — possible tables-only doc or missed body text | All records extracted to empty text,
2024-Annual-Report-Of-Acivities-and-Financial-Statements-for-the-Fiscal-Year-2024-2025-Final-Version-2-2.json,EMPTY,0,0,147,0.00,8400710,Has 147 table(s) but zero prose blocks — possible tables-only doc or missed body text | All records extracted to empty text,
2024-AnnualEnergyPetroleumStatisticsReport.json,EMPTY,0,0,25,0.00,2902084,Has 25 table(s) but zero prose blocks — possible tables-only doc or missed body text | All records extracted to empty text,
2024-Audit-Report.json,EMPTY,0,0,69,0.00,5004989,Has 69 table(s) but zero prose blocks — possible tables-only doc or missed body text | All records extracted to empty text,
2024-Budget-Review-and-Outlook-Paper.json,EMPTY,0,0,40,0.00,11388401,Has 40 table(s) but zero prose blocks — possible tables-only doc or missed body text | All records extracted to empty text,
2024-Economic-Survey.json,EMPTY,0,0,432,0.00,77370533,Has 432 table(s) but zero prose blocks — possible tables-only doc or missed body text | All records extracted to empty text,
2024-FinAccess-Household-Survey-Report.json,EMPTY,0,0,22,0.00,4136274,Has 22 table(s) but zero prose blocks — possible tables-only doc or missed body text | All records extracted to empty text,
2024-Financial-Statements-Auditor-General-Konza-Technopolis.json,EMPTY,0,0,58,0.00,3196100,Has 58 table(s) but zero prose blocks — possible tables-only doc or missed body text | All records extracted to empty text,
2024-Financial-Statements-KENYAPOWER.json,EMPTY,0,0,184,0.00,15553591,Has 184 table(s) but zero prose blocks — possible tables-only doc or missed body text | All records extracted to empty text,
2024-IGF-Report.json,EMPTY,0,0,10,0.00,877500,Has 10 table(s) but zero prose blocks — possible tables-only doc or missed body text | All records extracted to empty text,
2024-Medium-Term-Debt-Management-Strategy-14-2-2024-Final.json,EMPTY,0,0,23,0.00,2225393,Has 23 table(s) but zero prose blocks — possible tables-only doc or missed body text | All records extracted to empty text,
2024-Report-MinistryOfEducation-EducationSector.json,EMPTY,0,0,127,0.00,45424706,Has 127 table(s) but zero prose blocks — possible tables-only doc or missed body text | All records extracted to empty text,
2024-Strategic-Power-Sustainability.json,EMPTY,0,0,30,0.00,3366405,Has 30 table(s) but zero prose blocks — possible tables-only doc or missed body text | All records extracted to empty text,
2025-2026-Biannual-Statistics-Report.json,EMPTY,0,0,20,0.00,2557923,Has 20 table(s) but zero prose blocks — possible tables-only doc or missed body text | All records extracted to empty text,
2025-Agriculture-Production-Report.json,EMPTY,0,0,131,0.00,20227973,Has 131 table(s) but zero prose blocks — possible tables-only doc or missed body text | All records extracted to empty text,
2025-Annual-Review-NCSC.json,EMPTY,0,0,2,0.00,1508625,Has 2 table(s) but zero prose blocks — possible tables-only doc or missed body text | All records extracted to empty text,
2025-Audit-Report-KENYA-KE2025-0001.json,EMPTY,0,0,1,0.00,292553,Has 1 table(s) but zero prose blocks — possible tables-only doc or missed body text | All records extracted to empty text,
2025-Audit-Report-OLKALAU.json,EMPTY,0,0,79,0.00,5554564,Has 79 table(s) but zero prose blocks — possible tables-only doc or missed body text | All records extracted to empty text,
2025-Audit-Report.json,EMPTY,0,0,11,0.00,337729,Has 11 table(s) but zero prose blocks — possible tables-only doc or missed body text | All records extracted to empty text,
2025-Budget-Review-and-Outlook-Paper-1.json,EMPTY,0,0,40,0.00,11847971,Has 40 table(s) but zero prose blocks — possible tables-only doc or missed body text | All records extracted to empty text,
2025-Economic-Survey.json,EMPTY,0,0,469,0.00,90797431,Has 469 table(s) but zero prose blocks — possible tables-only doc or missed body text | All records extracted to empty text,
2025-General-Regulations-KNHA.json,EMPTY,0,0,9,0.00,578017,Has 9 table(s) but zero prose blocks — possible tables-only doc or missed body text | All records extracted to empty text,
2025-Policy-Africa-Tech-Report.json,EMPTY,0,0,0,0.00,370448,All records extracted to empty text,
2025-Policy-Kenya-Railways-Quality.json,EMPTY,0,0,0,0.00,16306,All records extracted to empty text,
2025-Qualitative-GDP-Report.json,EMPTY,0,0,3,0.00,2299873,Has 3 table(s) but zero prose blocks — possible tables-only doc or missed body text | All records extracted to empty text,
2025-Report-Donor-Roundtable-Funding-Globally.json,EMPTY,0,0,0,0.00,211154,All records extracted to empty text,
2025-Report-MinistryOfEducation-EducationSector.json,EMPTY,0,0,136,0.00,48391615,Has 136 table(s) but zero prose blocks — possible tables-only doc or missed body text | All records extracted to empty text,
2025-Research-Report-MoE-GPE-Results-Framework.json,EMPTY,0,0,1,0.00,348718,Has 1 table(s) but zero prose blocks — possible tables-only doc or missed body text | All records extracted to empty text,
2025-STRENGTHENING-OF-KANDWIA--KYUSO-RD-AND-UPGRADING-OF-KYUSO--TSEIKURU-B52-RD-PROJECT.json,EMPTY,0,0,127,0.00,11400663,Has 127 table(s) but zero prose blocks — possible tables-only doc or missed body text | All records extracted to empty text,
2025-Special-Audit-Report-Auditor-General-Capitation-Grants.json,EMPTY,0,0,38,0.00,2694379,Has 38 table(s) but zero prose blocks — possible tables-only doc or missed body text | All records extracted to empty text,
2025-Statistics-Report-June-EPRA.json,EMPTY,0,0,25,0.00,3961124,Has 25 table(s) but zero prose blocks — possible tables-only doc or missed body text | All records extracted to empty text,
2025-Statistics-Report-KNEC-KCSE-Examination.json,EMPTY,0,0,13,0.00,2821059,Has 13 table(s) but zero prose blocks — possible tables-only doc or missed body text | All records extracted to empty text,
2025-Statistics-Report-KNEC-KJSEA-Essentials.json,EMPTY,0,0,32,0.00,4812699,Has 32 table(s) but zero prose blocks — possible tables-only doc or missed body text | All records extracted to empty text,
2025-Strategy-GOK-Kenya-AI.json,EMPTY,0,0,33,0.00,2207078,Has 33 table(s) but zero prose blocks — possible tables-only doc or missed body text | All records extracted to empty text,
2025-Upgrading-of-Nanyuki-Naibor-Doldol.json,EMPTY,0,0,103,0.00,9034754,Has 103 table(s) but zero prose blocks — possible tables-only doc or missed body text | All records extracted to empty text,
2025-Weather-Forecast-KMD-December.json,EMPTY,0,0,0,0.00,239725,All records extracted to empty text,
2025-Weather-Forecast-KMD-OND-Season.json,EMPTY,0,0,3,0.00,723018,Has 3 table(s) but zero prose blocks — possible tables-only doc or missed body text | All records extracted to empty text,
2025_Budget_Policy_Statement__.json,EMPTY,0,0,86,0.00,16588839,Has 86 table(s) but zero prose blocks — possible tables-only doc or missed body text | All records extracted to empty text,
2026-Annual-Report-National-Livestock-Agenda_Final.json,EMPTY,0,0,9,0.00,1144635,Has 9 table(s) but zero prose blocks — possible tables-only doc or missed body text | All records extracted to empty text,
2026-Bulletin-KNEC-DEW.json,EMPTY,0,0,17,0.00,493663,Has 17 table(s) but zero prose blocks — possible tables-only doc or missed body text | All records extracted to empty text,
2026-Regulatory-Impact-Assessment-for-the-Kenya-Roads-Roadside-Stations-Regulations.json,EMPTY,0,0,5,0.00,833839,Has 5 table(s) but zero prose blocks — possible tables-only doc or missed body text | All records extracted to empty text,
2026_Budget_Policy_Statement.json,EMPTY,0,0,87,0.00,17224212,Has 87 table(s) but zero prose blocks — possible tables-only doc or missed body text | All records extracted to empty text,
7th-Corporate-Plan-FA-Online-version-min.json,EMPTY,0,0,23,0.00,3086994,Has 23 table(s) but zero prose blocks — possible tables-only doc or missed body text | All records extracted to empty text,
ANNUAL-CORPORATE-REPORT-2023-2024.json,EMPTY,0,0,19,0.00,1815870,Has 19 table(s) but zero prose blocks — possible tables-only doc or missed body text | All records extracted to empty text,
ANNUAL-NATIONAL-GOVERNMENT-BUDGET-OCT-2017.json,EMPTY,0,0,67,0.00,10844125,Has 67 table(s) but zero prose blocks — possible tables-only doc or missed body text | All records extracted to empty text,
ANNUAL-REVENUE-PERFORMANCE-FY-2023-2024_-080724.json,EMPTY,0,0,0,0.00,64734,All records extracted to empty text,
ANNUAL-REVENUE-PERFORMANCE-FY-2024-25-KRA-Corporate-Colours.json,EMPTY,0,0,0,0.00,54199,All records extracted to empty text,
ANNUAL_PUBLIC_DEBT_REPORT_2016-2017.json,EMPTY,0,0,51,0.00,6742840,Has 51 table(s) but zero prose blocks — possible tables-only doc or missed body text | All records extracted to empty text,
Act-Anticorruption-Revised-2016.json,EMPTY,0,0,1,0.00,739402,Has 1 table(s) but zero prose blocks — possible tables-only doc or missed body text | All records extracted to empty text,
Animal-Disease-Act-Fees-and-Payments.json,EMPTY,0,0,2,0.00,130325,Has 2 table(s) but zero prose blocks — possible tables-only doc or missed body text | All records extracted to empty text,
Annex-of-State-Corporations-Revenue-and-Expenditure2017-2018-pure_tables.json,EMPTY,0,0,210,0.00,32256800,Has 210 table(s) but zero prose blocks — possible tables-only doc or missed body text | All records extracted to empty text,
Annual-Corporate-Report-2016-2017.json,EMPTY,0,0,9,0.00,1074517,Has 9 table(s) but zero prose blocks — possible tables-only doc or missed body text | All records extracted to empty text,
Annual-Corporate-Report-2017-2018.json,EMPTY,0,0,10,0.00,1546544,Has 10 table(s) but zero prose blocks — possible tables-only doc or missed body text | All records extracted to empty text,
Annual-Corporate-Report-2018-2019.json,EMPTY,0,0,15,0.00,1499536,Has 15 table(s) but zero prose blocks — possible tables-only doc or missed body text | All records extracted to empty text,
Annual-Corporate-Report-2019-2020.json,EMPTY,0,0,13,0.00,1387060,Has 13 table(s) but zero prose blocks — possible tables-only doc or missed body text | All records extracted to empty text,
Annual-Corporate-Report-2020-2021.json,EMPTY,0,0,24,0.00,2200474,Has 24 table(s) but zero prose blocks — possible tables-only doc or missed body text | All records extracted to empty text,
Annual-Corporate-Report-2021-2022.json,EMPTY,0,0,28,0.00,1936722,Has 28 table(s) but zero prose blocks — possible tables-only doc or missed body text | All records extracted to empty text,
Annual-Corporate-Report-2024-2025.json,EMPTY,0,0,25,0.00,1706208,Has 25 table(s) but zero prose blocks — possible tables-only doc or missed body text | All records extracted to empty text,
Annual-Public-Debt-Report-2018-2019.json,EMPTY,0,0,41,0.00,4788840,Has 41 table(s) but zero prose blocks — possible tables-only doc or missed body text | All records extracted to empty text,
Annual-Public-Debt-Report-2019-2020.json,EMPTY,0,0,46,0.00,5510241,Has 46 table(s) but zero prose blocks — possible tables-only doc or missed body text | All records extracted to empty text,
Annual-Public-Debt-Report-2020-2021.json,EMPTY,0,0,54,0.00,6612466,Has 54 table(s) but zero prose blocks — possible tables-only doc or missed body text | All records extracted to empty text,
Annual-Public-Debt-Report-2022-2023-Sept-2023.json,EMPTY,0,0,48,0.00,4908508,Has 48 table(s) but zero prose blocks — possible tables-only doc or missed body text | All records extracted to empty text,
Annual-Public-Debt-Report-2023-2024.json,EMPTY,0,0,38,0.00,4239636,Has 38 table(s) but zero prose blocks — possible tables-only doc or missed body text | All records extracted to empty text,
Annual-Public-Debt-Report-2024-2025.json,EMPTY,0,0,37,0.00,4715605,Has 37 table(s) but zero prose blocks — possible tables-only doc or missed body text | All records extracted to empty text,
Annual-Report-2016-2017.json,EMPTY,0,0,42,0.00,2114381,Has 42 table(s) but zero prose blocks — possible tables-only doc or missed body text | All records extracted to empty text,
Annual-Report-2018-2019_0.json,EMPTY,0,0,58,0.00,4386923,Has 58 table(s) but zero prose blocks — possible tables-only doc or missed body text | All records extracted to empty text,
Annual-Report-FCRI-2022-23.json,EMPTY,0,0,49,0.00,4295655,Has 49 table(s) but zero prose blocks — possible tables-only doc or missed body text | All records extracted to empty text,
Annual-Report-In-Situ-Water-Harvesting-Technologies-and-Fertilizers.json,EMPTY,0,0,0,0.00,38275,All records extracted to empty text,
Annual-Report-KEPHIS-KEPHIS.json,EMPTY,0,0,36,0.00,3190391,Has 36 table(s) but zero prose blocks — possible tables-only doc or missed body text | All records extracted to empty text,
Annual-Report-KESP-2005-2010.json,EMPTY,0,0,2,0.00,891493,Has 2 table(s) but zero prose blocks — possible tables-only doc or missed body text | All records extracted to empty text,
Annual-Report-Kenya-Electricity-Advisory-Board.json,EMPTY,0,0,5,0.00,2353428,Has 5 table(s) but zero prose blocks — possible tables-only doc or missed body text | All records extracted to empty text,
Annual-Report-PPRA-2019-2020.json,EMPTY,0,0,128,0.00,10772182,Has 128 table(s) but zero prose blocks — possible tables-only doc or missed body text | All records extracted to empty text,
Annual-Report-PPRA-2023-2024.json,EMPTY,0,0,116,0.00,9534659,Has 116 table(s) but zero prose blocks — possible tables-only doc or missed body text | All records extracted to empty text,
Annual-Report-PPRA-Annual-Report.json,EMPTY,0,0,85,0.00,5576824,Has 85 table(s) but zero prose blocks — possible tables-only doc or missed body text | All records extracted to empty text,
Annual-Report-RDM-Traffic-Signs.json,EMPTY,0,0,60,0.00,7983899,Has 60 table(s) but zero prose blocks — possible tables-only doc or missed body text | All records extracted to empty text,
Annual-Report-Revised-Edition-2016.json,EMPTY,0,0,2,0.00,1846714,Has 2 table(s) but zero prose blocks — possible tables-only doc or missed body text | All records extracted to empty text,
Annual_NGBIRR_FY_2024-25_a-1.json,EMPTY,0,0,466,0.00,55797928,Has 466 table(s) but zero prose blocks — possible tables-only doc or missed body text | All records extracted to empty text,
Annual_Report_2017-2018_0.json,EMPTY,0,0,61,0.00,4749078,Has 61 table(s) but zero prose blocks — possible tables-only doc or missed body text | All records extracted to empty text,
Anuall_Coprate_Report-2022-23-1.json,EMPTY,0,0,25,0.00,1988584,Has 25 table(s) but zero prose blocks — possible tables-only doc or missed body text | All records extracted to empty text,
Auditor-General-Report-on-National-Government-for-2022-2023.json,EMPTY,0,0,29,0.00,10659066,Has 29 table(s) but zero prose blocks — possible tables-only doc or missed body text | All records extracted to empty text,
Auditor-Generals-summary-Report-on-National-Government-2023-2024.json,EMPTY,0,0,96,0.00,7006094,Has 96 table(s) but zero prose blocks — possible tables-only doc or missed body text | All records extracted to empty text,
BasicEducationAct-No_14-of-2013.json,EMPTY,0,0,2,0.00,1446735,Has 2 table(s) but zero prose blocks — possible tables-only doc or missed body text | All records extracted to empty text,
BriberyAct_47of2016.json,EMPTY,0,0,0,0.00,265898,All records extracted to empty text,
Budget-Summary-for-the-FY-2021-22.json,EMPTY,0,0,25,0.00,9435582,Has 25 table(s) but zero prose blocks — possible tables-only doc or missed body text | All records extracted to empty text,
Budget-Summary-for-the-FY-2022_23.json,EMPTY,0,0,24,0.00,7864079,Has 24 table(s) but zero prose blocks — possible tables-only doc or missed body text | All records extracted to empty text,
Budget-Summary-for-the-FY-2023_24.json,EMPTY,0,0,27,0.00,9649513,Has 27 table(s) but zero prose blocks — possible tables-only doc or missed body text | All records extracted to empty text,
Budget-Summary-for-the-FY-2024-25.json,EMPTY,0,0,46,0.00,9647631,Has 46 table(s) but zero prose blocks — possible tables-only doc or missed body text | All records extracted to empty text,
Budget-Summary-for-the-FY-2025-26F.json,EMPTY,0,0,50,0.00,14593679,Has 50 table(s) but zero prose blocks — possible tables-only doc or missed body text | All records extracted to empty text,
Bulletin-2016-Fisheries.json,EMPTY,0,0,31,0.00,7441900,Has 31 table(s) but zero prose blocks — possible tables-only doc or missed body text | All records extracted to empty text,
CBA-Age-Based-Regular-Framework.json,EMPTY,0,0,7,0.00,845435,Has 7 table(s) but zero prose blocks — possible tables-only doc or missed body text | All records extracted to empty text,
CBK_16th_Monetary_Policy_Committee_Report_April_2016.json,EMPTY,0,0,5,0.00,966004,Has 5 table(s) but zero prose blocks — possible tables-only doc or missed body text | All records extracted to empty text,
CBK_17th_Monetary_Policy_Committee_Report_October_2016.json,EMPTY,0,0,3,0.00,682554,Has 3 table(s) but zero prose blocks — possible tables-only doc or missed body text | All records extracted to empty text,
CBK_18th_Monetary_Policy_Committee_Report_April_2017.json,EMPTY,0,0,3,0.00,716178,Has 3 table(s) but zero prose blocks — possible tables-only doc or missed body text | All records extracted to empty text,
CBK_19th_Monetary_Policy_Committee_Report_October_2017.json,EMPTY,0,0,3,0.00,697130,Has 3 table(s) but zero prose blocks — possible tables-only doc or missed body text | All records extracted to empty text,
CBK_2017_Annual_Report.json,EMPTY,0,0,100,0.00,12369871,Has 100 table(s) but zero prose blocks — possible tables-only doc or missed body text | All records extracted to empty text,
CBK_2018_Annual_Report.json,EMPTY,0,0,87,0.00,11348719,Has 87 table(s) but zero prose blocks — possible tables-only doc or missed body text | All records extracted to empty text,
CBK_2019_Annual_Report.json,EMPTY,0,0,98,0.00,11128083,Has 98 table(s) but zero prose blocks — possible tables-only doc or missed body text | All records extracted to empty text,
CBK_2020_Annual_Report.json,EMPTY,0,0,103,0.00,10784183,Has 103 table(s) but zero prose blocks — possible tables-only doc or missed body text | All records extracted to empty text,
CBK_2022_Annual_Report.json,EMPTY,0,0,140,0.00,15669839,Has 140 table(s) but zero prose blocks — possible tables-only doc or missed body text | All records extracted to empty text,
CBK_2023_Annual_Report.json,EMPTY,0,0,143,0.00,15315705,Has 143 table(s) but zero prose blocks — possible tables-only doc or missed body text | All records extracted to empty text,
CBK_2024_Annual_Report.json,EMPTY,0,0,146,0.00,16505474,Has 146 table(s) but zero prose blocks — possible tables-only doc or missed body text | All records extracted to empty text,
CBK_2025_Annual_Report.json,EMPTY,0,0,107,0.00,11594378,Has 107 table(s) but zero prose blocks — possible tables-only doc or missed body text | All records extracted to empty text,
CBK_20th_Monetary_Policy_Committee_Report_April_2018.json,EMPTY,0,0,3,0.00,767580,Has 3 table(s) but zero prose blocks — possible tables-only doc or missed body text | All records extracted to empty text,
CBK_21st_Monetary_Policy_Committee_Report_October_2018.json,EMPTY,0,0,3,0.00,621208,Has 3 table(s) but zero prose blocks — possible tables-only doc or missed body text | All records extracted to empty text,
CBK_22nd_Monetary_Policy_Committee_Report_April_2019.json,EMPTY,0,0,3,0.00,650155,Has 3 table(s) but zero prose blocks — possible tables-only doc or missed body text | All records extracted to empty text,
CBK_23rd_Monetary_Policy_Committee_Report_October_2019.json,EMPTY,0,0,3,0.00,723660,Has 3 table(s) but zero prose blocks — possible tables-only doc or missed body text | All records extracted to empty text,
CBK_24th_Monetary_Policy_Committee_Report_April_2020.json,EMPTY,0,0,3,0.00,724929,Has 3 table(s) but zero prose blocks — possible tables-only doc or missed body text | All records extracted to empty text,
CBK_25th_Monetary_Policy_Committee_Report_October_2020.json,EMPTY,0,0,3,0.00,669231,Has 3 table(s) but zero prose blocks — possible tables-only doc or missed body text | All records extracted to empty text,
CBK_26thMPC2021.json,EMPTY,0,0,3,0.00,786823,Has 3 table(s) but zero prose blocks — possible tables-only doc or missed body text | All records extracted to empty text,
CBK_28th_Bi-Annual_Report_of_the_MPC_April_2022.json,EMPTY,0,0,4,0.00,1043843,Has 4 table(s) but zero prose blocks — possible tables-only doc or missed body text | All records extracted to empty text,
CBK_29th_Monetary_Policy_Committee_Report.json,EMPTY,0,0,4,0.00,1136400,Has 4 table(s) but zero prose blocks — possible tables-only doc or missed body text | All records extracted to empty text,
CBK_30th_Monetary_Policy_Committee_Report_April_2023.json,EMPTY,0,0,4,0.00,1178191,Has 4 table(s) but zero prose blocks — possible tables-only doc or missed body text | All records extracted to empty text,
CBK_31st_MPC_Report_October_2023.json,EMPTY,0,0,4,0.00,937589,Has 4 table(s) but zero prose blocks — possible tables-only doc or missed body text | All records extracted to empty text,
CBK_33rd_MPC_Report_October_2024.json,EMPTY,0,0,4,0.00,1113638,Has 4 table(s) but zero prose blocks — possible tables-only doc or missed body text | All records extracted to empty text,
CBK_34th.json,EMPTY,0,0,4,0.00,1085007,Has 4 table(s) but zero prose blocks — possible tables-only doc or missed body text | All records extracted to empty text,
CBK_35th_MPC_Report_October_2025_Dec_22_2025.json,EMPTY,0,0,4,0.00,887665,Has 4 table(s) but zero prose blocks — possible tables-only doc or missed body text | All records extracted to empty text,
CBK_43rd_Monetary_Policy_Statement_December_2018.json,EMPTY,0,0,10,0.00,1782004,Has 10 table(s) but zero prose blocks — possible tables-only doc or missed body text | All records extracted to empty text,
CBK_Annual_Report_2015_16__book_.json,EMPTY,0,0,98,0.00,11818268,Has 98 table(s) but zero prose blocks — possible tables-only doc or missed body text | All records extracted to empty text,
CBK_Annual_Report_2020-2021.json,EMPTY,0,0,103,0.00,10992357,Has 103 table(s) but zero prose blocks — possible tables-only doc or missed body text | All records extracted to empty text,
CBK_FSR_2023_published.json,EMPTY,0,0,21,0.00,5173008,Has 21 table(s) but zero prose blocks — possible tables-only doc or missed body text | All records extracted to empty text,
CBK_FSR_2024_Sept__Final_2025.json,EMPTY,0,0,20,0.00,4818555,Has 20 table(s) but zero prose blocks — possible tables-only doc or missed body text | All records extracted to empty text,
CBK_FSR_July_2022_revised_for_printing.json,EMPTY,0,0,21,0.00,4627815,Has 21 table(s) but zero prose blocks — possible tables-only doc or missed body text | All records extracted to empty text,
CBK_Kenya_Financial_Sector_Stability_Report_2016.json,EMPTY,0,0,21,0.00,2607550,Has 21 table(s) but zero prose blocks — possible tables-only doc or missed body text | All records extracted to empty text,
CBK_Kenya_Financial_Sector_Stability_Report_2017.json,EMPTY,0,0,23,0.00,2957797,Has 23 table(s) but zero prose blocks — possible tables-only doc or missed body text | All records extracted to empty text,
CBK_Kenya_Financial_Sector_Stability_Report_2018.json,EMPTY,0,0,27,0.00,3859062,Has 27 table(s) but zero prose blocks — possible tables-only doc or missed body text | All records extracted to empty text,
CBK_Kenya_Financial_Sector_Stability_Report_2020.json,EMPTY,0,0,18,0.00,3597865,Has 18 table(s) but zero prose blocks — possible tables-only doc or missed body text | All records extracted to empty text,
CB_32nd_Monetary_Policy_Committee_Report_April_2024.json,EMPTY,0,0,4,0.00,1090212,Has 4 table(s) but zero prose blocks — possible tables-only doc or missed body text | All records extracted to empty text,
CNK_2016_Annual_Report.json,EMPTY,0,0,76,0.00,12809836,Has 76 table(s) but zero prose blocks — possible tables-only doc or missed body text | All records extracted to empty text,
Catalogue-Breeds-Published-Version.json,EMPTY,0,0,73,0.00,3532137,Has 73 table(s) but zero prose blocks — possible tables-only doc or missed body text | All records extracted to empty text,
Draft-2022-Budget-Review-and-Outlook-Paper.json,EMPTY,0,0,24,0.00,9245583,Has 24 table(s) but zero prose blocks — possible tables-only doc or missed body text | All records extracted to empty text,
Draft_2020_Budget_Review_and_Outlook_Paper_compressed.json,EMPTY,0,0,21,0.00,9089273,Has 21 table(s) but zero prose blocks — possible tables-only doc or missed body text | All records extracted to empty text,
Economic-Survey-2021.json,EMPTY,0,0,372,0.00,73770520,Has 372 table(s) but zero prose blocks — possible tables-only doc or missed body text | All records extracted to empty text,
Environment-and-Social-Commitment-Plan-ESCP-for-GREEN-Phase-2-Project.json,EMPTY,0,0,8,0.00,291265,Has 8 table(s) but zero prose blocks — possible tables-only doc or missed body text | All records extracted to empty text,
Estimates-of-Revenue-Grants-and-Loans-for-the-FY-2024-25-Budget-pure_tables.json,EMPTY,0,0,42,0.00,9260723,Has 42 table(s) but zero prose blocks — possible tables-only doc or missed body text | All records extracted to empty text,
Estimates-of-Revenue-Grants-and-Loans-for-the-FY-2025-26-Budget-pure_tables.json,EMPTY,0,0,40,0.00,8287966,Has 40 table(s) but zero prose blocks — possible tables-only doc or missed body text | All records extracted to empty text,
Estimates-of-RevenueGrants-and-Loans-for-FY2022-23-pure_tables.json,EMPTY,0,0,40,0.00,8730830,Has 40 table(s) but zero prose blocks — possible tables-only doc or missed body text | All records extracted to empty text,
FY-2018-2019-Audited-Annual-Report.json,EMPTY,0,0,97,0.00,5979037,Has 97 table(s) but zero prose blocks — possible tables-only doc or missed body text | All records extracted to empty text,
FY-2019_2020-Audited-Annual-Report.json,EMPTY,0,0,101,0.00,6184109,Has 101 table(s) but zero prose blocks — possible tables-only doc or missed body text | All records extracted to empty text,
FY-2021-2022-Audite-KNEC-Annual-Report.json,EMPTY,0,0,89,0.00,6442783,Has 89 table(s) but zero prose blocks — possible tables-only doc or missed body text | All records extracted to empty text,
FY-2022-2023-AAnnual-Report-KALRO.json,EMPTY,0,0,36,0.00,4038199,Has 36 table(s) but zero prose blocks — possible tables-only doc or missed body text | All records extracted to empty text,
FY-2023-2024-Annual-Report.json,EMPTY,0,0,63,0.00,283689,Has 63 table(s) but zero prose blocks — possible tables-only doc or missed body text | All records extracted to empty text,
FY-2023-2024-Energy-and-Petroleum-Statistics-Report.json,EMPTY,0,0,25,0.00,3976684,Has 25 table(s) but zero prose blocks — possible tables-only doc or missed body text | All records extracted to empty text,
FY-2024-2025-Annual-Report-KERRA.json,EMPTY,0,0,71,0.00,5662533,Has 71 table(s) but zero prose blocks — possible tables-only doc or missed body text | All records extracted to empty text,
FY-2024-25-Report.json,EMPTY,0,0,4,0.00,472343,Has 4 table(s) but zero prose blocks — possible tables-only doc or missed body text | All records extracted to empty text,
FY-2024-Program-Based-Budget-Book.json,EMPTY,0,0,1890,0.00,89055119,Has 1890 table(s) but zero prose blocks — possible tables-only doc or missed body text | All records extracted to empty text,
FY-Annual-Report-PPRA.json,EMPTY,0,0,200,0.00,16684728,Has 200 table(s) but zero prose blocks — possible tables-only doc or missed body text | All records extracted to empty text,
FY24-Annual-KURA-Report.json,EMPTY,0,0,101,0.00,6404042,Has 101 table(s) but zero prose blocks — possible tables-only doc or missed body text | All records extracted to empty text,
Field-Guide-Water-Harvesting.json,EMPTY,0,0,6,0.00,1140778,Has 6 table(s) but zero prose blocks — possible tables-only doc or missed body text | All records extracted to empty text,
Final-Estimates-of-Revenue-Grants-and-Loans-FY-2023-24-pure_tables.json,EMPTY,0,0,44,0.00,9332397,Has 44 table(s) but zero prose blocks — possible tables-only doc or missed body text | All records extracted to empty text,
Final_Annual_NGBIRR_FY_2022_23.json,EMPTY,0,0,162,0.00,30792423,Has 162 table(s) but zero prose blocks — possible tables-only doc or missed body text | All records extracted to empty text,
Finance--Act-2022.json,EMPTY,0,0,2,0.00,653534,Has 2 table(s) but zero prose blocks — possible tables-only doc or missed body text | All records extracted to empty text,
FinanceActNo10of2018.json,EMPTY,0,0,1,0.00,600728,Has 1 table(s) but zero prose blocks — possible tables-only doc or missed body text | All records extracted to empty text,
Finance_Act_2016.json,EMPTY,0,0,2,0.00,522662,Has 2 table(s) but zero prose blocks — possible tables-only doc or missed body text | All records extracted to empty text,
Finance_Act_2017.json,EMPTY,0,0,1,0.00,400309,Has 1 table(s) but zero prose blocks — possible tables-only doc or missed body text | All records extracted to empty text,
Finance_Act_2019.json,EMPTY,0,0,1,0.00,391147,Has 1 table(s) but zero prose blocks — possible tables-only doc or missed body text | All records extracted to empty text,
Finance_Act_2020.json,EMPTY,0,0,0,0.00,258360,All records extracted to empty text,
Finance_Act_2021.json,EMPTY,0,0,4,0.00,728377,Has 4 table(s) but zero prose blocks — possible tables-only doc or missed body text | All records extracted to empty text,
First_Half_NGBIRR_FY_23-24_-_COB_final_13_3_14.json,EMPTY,0,0,148,0.00,27429916,Has 148 table(s) but zero prose blocks — possible tables-only doc or missed body text | All records extracted to empty text,
IMF-2021.json,EMPTY,0,0,59,0.00,14716503,Has 59 table(s) but zero prose blocks — possible tables-only doc or missed body text | All records extracted to empty text,
IMF-2023.json,EMPTY,0,0,44,0.00,12830311,Has 44 table(s) but zero prose blocks — possible tables-only doc or missed body text | All records extracted to empty text,
IMF_-2018.json,EMPTY,0,0,43,0.00,11861353,Has 43 table(s) but zero prose blocks — possible tables-only doc or missed body text | All records extracted to empty text,
Invest-Kenya-Policy-Sector-Pack.json,EMPTY,0,0,8,0.00,1542750,Has 8 table(s) but zero prose blocks — possible tables-only doc or missed body text | All records extracted to empty text,
Jan-Mar2023-KICTANet-Spotlight-Report.json,EMPTY,0,0,1,0.00,353798,Has 1 table(s) but zero prose blocks — possible tables-only doc or missed body text | All records extracted to empty text,
KRA-8TH-CORPORATE-PLAN-.json,EMPTY,0,0,19,0.00,2795427,Has 19 table(s) but zero prose blocks — possible tables-only doc or missed body text | All records extracted to empty text,
Kenya-Economic-Update-18-FINAL_World_bank.json,EMPTY,0,0,38,0.00,11094120,Has 38 table(s) but zero prose blocks — possible tables-only doc or missed body text | All records extracted to empty text,
Kenya-Leading-Economic-Indicators-December-2025.json,EMPTY,0,0,47,0.00,15483944,Has 47 table(s) but zero prose blocks — possible tables-only doc or missed body text | All records extracted to empty text,
LMP-for-Kenya-GREEN-MPA-Phase-2-P180465.json,EMPTY,0,0,7,0.00,425096,Has 7 table(s) but zero prose blocks — possible tables-only doc or missed body text | All records extracted to empty text,
Medium-Term-Debt-Management-Strategy-2017.json,EMPTY,0,0,23,0.00,1983842,Has 23 table(s) but zero prose blocks — possible tables-only doc or missed body text | All records extracted to empty text,
Medium-Term-Debt-Management-Strategy-2018.json,EMPTY,0,0,24,0.00,2637094,Has 24 table(s) but zero prose blocks — possible tables-only doc or missed body text | All records extracted to empty text,
Medium-Term-Debt-Management-Strategy-2019.json,EMPTY,0,0,14,0.00,1358702,Has 14 table(s) but zero prose blocks — possible tables-only doc or missed body text | All records extracted to empty text,
Medium-Term-Debt-Management-Strategy-2020.json,EMPTY,0,0,18,0.00,1692690,Has 18 table(s) but zero prose blocks — possible tables-only doc or missed body text | All records extracted to empty text,
Medium-Term-Debt-Management-Strategy-2022.json,EMPTY,0,0,23,0.00,5497441,Has 23 table(s) but zero prose blocks — possible tables-only doc or missed body text | All records extracted to empty text,
Medium-Term-Debt-Management-Strategy-2023.json,EMPTY,0,0,27,0.00,2336159,Has 27 table(s) but zero prose blocks — possible tables-only doc or missed body text | All records extracted to empty text,
Medium-Term-Debt-Management-Strategy-Draft-2025.json,EMPTY,0,0,20,0.00,1874478,Has 20 table(s) but zero prose blocks — possible tables-only doc or missed body text | All records extracted to empty text,
Mobile-Payments-Bill-Report.json,EMPTY,0,0,6,0.00,1794747,Has 6 table(s) but zero prose blocks — possible tables-only doc or missed body text | All records extracted to empty text,
Mobile-Payments-Bill.json,EMPTY,0,0,6,0.00,1794733,Has 6 table(s) but zero prose blocks — possible tables-only doc or missed body text | All records extracted to empty text,
NATIONAL-BOOK-web-1.json,EMPTY,0,0,93,0.00,18749406,Has 93 table(s) but zero prose blocks — possible tables-only doc or missed body text | All records extracted to empty text,
NATIONAL-GOVERNMENT-AUDIT-REPORT-2019-2020.json,EMPTY,0,0,80,0.00,11093507,Has 80 table(s) but zero prose blocks — possible tables-only doc or missed body text | All records extracted to empty text,
NATIONAL-GOVERNMENT-AUDIT-REPORT-2020-2021.json,EMPTY,0,0,117,0.00,11716323,Has 117 table(s) but zero prose blocks — possible tables-only doc or missed body text | All records extracted to empty text,
NATIONAL-GOVERNMENT-BOOK-2021-FEB.json,EMPTY,0,0,74,0.00,14791695,Has 74 table(s) but zero prose blocks — possible tables-only doc or missed body text | All records extracted to empty text,
NATIONAL-GOVERNMENT-BUDGET-IMPLEMENTATION-REVIEW-REPORT-FIRST-QUARTER-FY-2020-21.json,EMPTY,0,0,71,0.00,14796791,Has 71 table(s) but zero prose blocks — possible tables-only doc or missed body text | All records extracted to empty text,
NATIONAL-GOVERNMENT-OCT-WEBSITE-1.json,EMPTY,0,0,54,0.00,10573367,Has 54 table(s) but zero prose blocks — possible tables-only doc or missed body text | All records extracted to empty text,
NATIONAL-GOVERNMENT-OCT-WEBSITE.json,EMPTY,0,0,54,0.00,10574038,Has 54 table(s) but zero prose blocks — possible tables-only doc or missed body text | All records extracted to empty text,
NG-Annual-BIRR-FY-2019-20.json,EMPTY,0,0,72,0.00,15422867,Has 72 table(s) but zero prose blocks — possible tables-only doc or missed body text | All records extracted to empty text,
NGBIRR_Book_Report_May_2025_a.json,EMPTY,0,0,397,0.00,44121777,Has 397 table(s) but zero prose blocks — possible tables-only doc or missed body text | All records extracted to empty text,
NGBIRR_FIRST_HALF_FY_2022-23.json,EMPTY,0,0,156,0.00,26058773,Has 156 table(s) but zero prose blocks — possible tables-only doc or missed body text | All records extracted to empty text,
NGBIRR_Final_-_Annual_Report_FY_2023-24-1.json,EMPTY,0,0,213,0.00,40757228,Has 213 table(s) but zero prose blocks — possible tables-only doc or missed body text | All records extracted to empty text,
NGBIRR_First_Three_Months_FY202223.json,EMPTY,0,0,119,0.00,24337114,Has 119 table(s) but zero prose blocks — possible tables-only doc or missed body text | All records extracted to empty text,
NGBIRR_for_First-Six_Months_of_FY_2024-28_2__25_draft.json,EMPTY,0,0,384,0.00,42177211,Has 384 table(s) but zero prose blocks — possible tables-only doc or missed body text | All records extracted to empty text,
NGBIRR_for_First-Six_Months_of_FY_2025-26.json,EMPTY,0,0,419,0.00,48768212,Has 419 table(s) but zero prose blocks — possible tables-only doc or missed body text | All records extracted to empty text,
NGBIRR_for_First-Three_Months_of_FY_2025-26_b.json,EMPTY,0,0,419,0.00,45193296,Has 419 table(s) but zero prose blocks — possible tables-only doc or missed body text | All records extracted to empty text,
National-Book-2022-website.json,EMPTY,0,0,92,0.00,18305761,Has 92 table(s) but zero prose blocks — possible tables-only doc or missed body text | All records extracted to empty text,
National-Budget-May-2021-web-1.json,EMPTY,0,0,87,0.00,17286490,Has 87 table(s) but zero prose blocks — possible tables-only doc or missed body text | All records extracted to empty text,
National-Irrigation-Authority-Annual-Report.json,EMPTY,0,0,120,0.00,5413063,Has 120 table(s) but zero prose blocks — possible tables-only doc or missed body text | All records extracted to empty text,
National-Report-Book-May-2019-web.json,EMPTY,0,0,53,0.00,12118914,Has 53 table(s) but zero prose blocks — possible tables-only doc or missed body text | All records extracted to empty text,
OfficeoftheDirectorofPublicProsecutions-Report-No2-2013.json,EMPTY,0,0,0,0.00,505983,All records extracted to empty text,
PUBLIC-KenyaEconomicUpdateFINAL_World_bank.json,EMPTY,0,0,36,0.00,10162377,Has 36 table(s) but zero prose blocks — possible tables-only doc or missed body text | All records extracted to empty text,
Q2_2025_Spotlight_Report.json,EMPTY,0,0,1,0.00,189983,Has 1 table(s) but zero prose blocks — possible tables-only doc or missed body text | All records extracted to empty text,
RDM-1_2-Traffic-Surveys.json,EMPTY,0,0,59,0.00,4786044,Has 59 table(s) but zero prose blocks — possible tables-only doc or missed body text | All records extracted to empty text,
RDM-Annual-Report-Materials-Field-and-Laboratory-Testing.json,EMPTY,0,0,82,0.00,5338957,Has 82 table(s) but zero prose blocks — possible tables-only doc or missed body text | All records extracted to empty text,
REPORT-OF-THE-AUDITOR-GENERAL-FOR-THE-NATIONAL-GOVERNMENT-2018-2019.json,EMPTY,0,0,116,0.00,12817424,Has 116 table(s) but zero prose blocks — possible tables-only doc or missed body text | All records extracted to empty text,
REPORT_ON_THE_CONTROLLER_OF_BUDGET_ANNUAL_COUNTY_GOVERNMENTS__BUDGET_IMPLEMENTATION_REVIEW_FOR_FINANCIAL_YEAR_2017-18.json,EMPTY,0,0,6,0.00,1775187,Has 6 table(s) but zero prose blocks — possible tables-only doc or missed body text | All records extracted to empty text,
REVENUE-GRANTS-AND-LOANS-ESTIMATES-FINAL-pure_tables.json,EMPTY,0,0,40,0.00,8859830,Has 40 table(s) but zero prose blocks — possible tables-only doc or missed body text | All records extracted to empty text,
Revenue-Performance-Report-2018-19.json,EMPTY,0,0,35,0.00,3185175,Has 35 table(s) but zero prose blocks — possible tables-only doc or missed body text | All records extracted to empty text,
SUCCESS-STORIES-Kosap-Site.json,EMPTY,0,0,0,0.00,145800,All records extracted to empty text,
SUMMARY-REPORT-2019-2020.json,EMPTY,0,0,51,0.00,3074043,Has 51 table(s) but zero prose blocks — possible tables-only doc or missed body text | All records extracted to empty text,
SUMMARY-REPORT-OF-THE-AUDITOR-GENERAL-ON-NATIONAL-GOVERNMENT-2021-2022.json,EMPTY,0,0,61,0.00,4158247,Has 61 table(s) but zero prose blocks — possible tables-only doc or missed body text | All records extracted to empty text,
September-book-2022.json,EMPTY,0,0,92,0.00,19127780,Has 92 table(s) but zero prose blocks — possible tables-only doc or missed body text | All records extracted to empty text,
Statistical-Annex-to-the-Budget-Speech-2017-2018-pure_tables.json,EMPTY,0,0,10,0.00,4280246,Has 10 table(s) but zero prose blocks — possible tables-only doc or missed body text | All records extracted to empty text,
Statistical-Annex-to-the-Budget-Statement-for-FY-2020-21-pure_tables.json,EMPTY,0,0,9,0.00,4816599,Has 9 table(s) but zero prose blocks — possible tables-only doc or missed body text | All records extracted to empty text,
Statistical-Annex-to-the-Budget-Statement-for-FY-2025-26-pure_tables.json,EMPTY,0,0,9,0.00,4298008,Has 9 table(s) but zero prose blocks — possible tables-only doc or missed body text | All records extracted to empty text,
Statistical-Annex-to-the-Budget-Statement-for-the-FY-2022-23-pure_tables.json,EMPTY,0,0,9,0.00,4732323,Has 9 table(s) but zero prose blocks — possible tables-only doc or missed body text | All records extracted to empty text,
Statistical-Annex-to-the-Budget-Statement-for-the-FY-2024-25-pure_tables.json,EMPTY,0,0,9,0.00,5062816,Has 9 table(s) but zero prose blocks — possible tables-only doc or missed body text | All records extracted to empty text,
Summary_of_the_Report_of_the_Auditor-General_on_the_Financial_Statements_for_National_Government_for_the_Year_2016_2017.json,EMPTY,0,0,33,0.00,1773369,Has 33 table(s) but zero prose blocks — possible tables-only doc or missed body text | All records extracted to empty text,
TAX-EXPENDITURE-REPORT-TER-2024.json,EMPTY,0,0,20,0.00,1838775,Has 20 table(s) but zero prose blocks — possible tables-only doc or missed body text | All records extracted to empty text,
The-2024-Budget-Policy-Statement.json,EMPTY,0,0,84,0.00,14936374,Has 84 table(s) but zero prose blocks — possible tables-only doc or missed body text | All records extracted to empty text,
The-9th-Corporate-Plan.json,EMPTY,0,0,12,0.00,1329113,Has 12 table(s) but zero prose blocks — possible tables-only doc or missed body text | All records extracted to empty text,
The-Finance-Act--2023.json,EMPTY,0,0,6,0.00,1019443,Has 6 table(s) but zero prose blocks — possible tables-only doc or missed body text | All records extracted to empty text,
TheConstitutionOfKenya.json,EMPTY,0,0,10,0.00,3874613,Has 10 table(s) but zero prose blocks — possible tables-only doc or missed body text | All records extracted to empty text,
TheFinanceBill_2024.json,EMPTY,0,0,17,0.00,2341733,Has 17 table(s) but zero prose blocks — possible tables-only doc or missed body text | All records extracted to empty text,
The_Finance_Bill_2025.json,EMPTY,0,0,6,0.00,2028482,Has 6 table(s) but zero prose blocks — possible tables-only doc or missed body text | All records extracted to empty text,
VF-Implementation-of-the-Ajira-Digital-Program_Report.json,EMPTY,0,0,9,0.00,795664,Has 9 table(s) but zero prose blocks — possible tables-only doc or missed body text | All records extracted to empty text,
World_bank-2024.json,EMPTY,0,0,25,0.00,7204951,Has 25 table(s) but zero prose blocks — possible tables-only doc or missed body text | All records extracted to empty text,
financialstatements-2019-2020.json,EMPTY,0,0,96,0.00,8365587,Has 96 table(s) but zero prose blocks — possible tables-only doc or missed body text | All records extracted to empty text,
