agent,filename,central_path,chunked,chunk_path
Finance,08.06.2021_Statistical-Annex-to-the-Budget-Statement-for-FY-2021-22-pure tables.pdf,data/raw/08.06.2021_Statistical-Annex-to-the-Budget-Statement-for-FY-2021-22-pure tables.pdf,yes,data/chunks/08_06_2021_statistical_annex_to_the_budget_statement_for_fy_2021_22_pure_tables.jsonl
ICT,2007-10-years-report-KICTANet.pdf,data/raw/2007-10-years-report-KICTANet.pdf,no,
AntiCorruption,2012-FATF-Recommendations.pdf,data/raw/2012-FATF-Recommendations.pdf,no,
AntiCorruption,2015-Policy-Act.pdf,data/raw/2015-Policy-Act.pdf,no,
Agriculture,2016-Agricultural-Biotechnology-Nairobi-Kenya.pdf,data/raw/2016-Agricultural-Biotechnology-Nairobi-Kenya.pdf,no,
AntiCorruption,2016-Annual-Report-PPOA.pdf,data/raw/2016-Annual-Report-PPOA.pdf,no,
ICT,2016-Audit-Report.pdf,data/raw/2016-Audit-Report.pdf,no,
Finance,2016-Budget-Review-and-Outlook-Paper.pdf,data/raw/2016-Budget-Review-and-Outlook-Paper.pdf,yes,data/chunks/2016_budget_review_and_outlook_paper.jsonl
ICT,2016-IGF-Report.pdf,data/raw/2016-IGF-Report.pdf,no,
ICT,2016-Strategic-Plan-KNEC-Cybersecurity.pdf,data/raw/2016-Strategic-Plan-KNEC-Cybersecurity.pdf,no,
Finance,2017 Budget Review and outlook paper.pdf,data/raw/2017 Budget Review and outlook paper.pdf,yes,data/chunks/2017_budget_review_and_outlook_paper.jsonl
AntiCorruption,2017-Annual-EACC-Report.pdf,data/raw/2017-Annual-EACC-Report.pdf,no,
Infastructure,2017-Annual-Report-Financial-Statements.pdf,data/raw/2017-Annual-Report-Financial-Statements.pdf,no,
Agriculture,2017-Audit-Report.pdf,data/raw/2017-Audit-Report.pdf,no,
Finance,2017-Budget-Policy-Statement.pdf,data/raw/2017-Budget-Policy-Statement.pdf,yes,data/chunks/2017_budget_policy_statement.jsonl
Finance,2017-Economic-Survey.pdf,data/raw/2017-Economic-Survey.pdf,yes,data/chunks/2017_economic_survey.jsonl
ICT,2017-Final-V.pdf,data/raw/2017-Final-V.pdf,no,
ICT,2017-State-of-ICT-Report.pdf,data/raw/2017-State-of-ICT-Report.pdf,no,
Agriculture,2017-Strategic-Plan-Ministry-of-Agriculture-Capacity-Building.pdf,data/raw/2017-Strategic-Plan-Ministry-of-Agriculture-Capacity-Building.pdf,no,
Finance,2018 Budget Review and Outlook Paper September 2018.pdf,data/raw/2018 Budget Review and Outlook Paper September 2018.pdf,yes,data/chunks/2018_budget_review_and_outlook_paper_september_2018.jsonl
AntiCorruption,2018-2019-Annual-Report-EACC.pdf,data/raw/2018-2019-Annual-Report-EACC.pdf,no,
AntiCorruption,2018-2019-Anual-Report-PPRA.pdf,data/raw/2018-2019-Anual-Report-PPRA.pdf,no,
AntiCorruption,2018-Audit-Report-Book.pdf,data/raw/2018-Audit-Report-Book.pdf,no,
Finance,2018-Budget-Policy-Statement.pdf,data/raw/2018-Budget-Policy-Statement.pdf,yes,data/chunks/2018_budget_policy_statement.jsonl
Agriculture,2018-EU-Regulation-Deforestation.pdf,data/raw/2018-EU-Regulation-Deforestation.pdf,no,
Finance,2018-Economic-Survey.pdf,data/raw/2018-Economic-Survey.pdf,yes,data/chunks/2018_economic_survey.jsonl
Agriculture,2018-Guidelines-WFP-Water-Management.pdf,data/raw/2018-Guidelines-WFP-Water-Management.pdf,no,
ICT,2018-Report-KIGF-Report.pdf,data/raw/2018-Report-KIGF-Report.pdf,no,
Agriculture,2018-Strategic-Plan-MOALF.pdf,data/raw/2018-Strategic-Plan-MOALF.pdf,no,
Education,2018-Strategic-Plan-NES.pdf,data/raw/2018-Strategic-Plan-NES.pdf,no,
Finance,2019 Budget Policy Statement Creating Jobs Transforming Lives-Harnessing the Big Four February 2019.pdf,data/raw/2019 Budget Policy Statement Creating Jobs Transforming Lives-Harnessing the Big Four February 2019.pdf,yes,data/chunks/2019_budget_policy_statement_creating_jobs_transforming_lives_harnessing_the_big_four_february_2019.jsonl
AntiCorruption,2019-Annual-Report-20-18th-MAY.pdf,data/raw/2019-Annual-Report-20-18th-MAY.pdf,no,
Infastructure,2019-Annual-Report-Final.pdf,data/raw/2019-Annual-Report-Final.pdf,no,
ICT,2019-Audit-Report.pdf,data/raw/2019-Audit-Report.pdf,no,
Finance,2019-Budget-Policy-Statement.pdf,data/raw/2019-Budget-Policy-Statement.pdf,yes,data/chunks/2019_budget_policy_statement.jsonl
Finance,2019-Budget-Review-and-Outlook-Paper-Final.pdf,data/raw/2019-Budget-Review-and-Outlook-Paper-Final.pdf,yes,data/chunks/2019_budget_review_and_outlook_paper_final.jsonl
ICT,2019-EAIGF-Audit-Report.pdf,data/raw/2019-EAIGF-Audit-Report.pdf,no,
Finance,2019-Economic-Survey.pdf,data/raw/2019-Economic-Survey.pdf,yes,data/chunks/2019_economic_survey.jsonl
Education,2019-Framework-KICD-Basic-Education-Curriculum.pdf,data/raw/2019-Framework-KICD-Basic-Education-Curriculum.pdf,no,
ICT,2019-IGF-Report.pdf,data/raw/2019-IGF-Report.pdf,no,
Education,2019-Policy-KNEC-Revised-National-Curriculum-May-9-2019.pdf,data/raw/2019-Policy-KNEC-Revised-National-Curriculum-May-9-2019.pdf,no,
Agriculture,2019-Strategic-Roots-and-Tuber-Crops-Strategy.pdf,data/raw/2019-Strategic-Roots-and-Tuber-Crops-Strategy.pdf,no,
Finance,2020 Budget Policy Statement.pdf,data/raw/2020 Budget Policy Statement.pdf,yes,data/chunks/2020_budget_policy_statement.jsonl
ICT,2020-Annual-Report-Huduma-Namba.pdf,data/raw/2020-Annual-Report-Huduma-Namba.pdf,no,
Infastructure,2020-Annual-Report-Ketraco-FINAL-PRINTING-June_26.pdf,data/raw/2020-Annual-Report-Ketraco-FINAL-PRINTING-June_26.pdf,no,
Finance,2020-Economic-Survey.pdf,data/raw/2020-Economic-Survey.pdf,yes,data/chunks/2020_economic_survey.jsonl
Infastructure,2020-Energy-Statistics-Report.pdf,data/raw/2020-Energy-Statistics-Report.pdf,no,
ICT,2020-Essential-ICT-Survey.pdf,data/raw/2020-Essential-ICT-Survey.pdf,no,
ICT,2020-IGF-Kenya-Report.pdf,data/raw/2020-IGF-Kenya-Report.pdf,no,
Agriculture,2020-Magazine-DVS-A-New-Dawn.pdf,data/raw/2020-Magazine-DVS-A-New-Dawn.pdf,no,
ICT,2020-Policy-Government-National-ICT-Policy-Guidelines.pdf,data/raw/2020-Policy-Government-National-ICT-Policy-Guidelines.pdf,no,
AntiCorruption,2020-Regulations-Amendments.pdf,data/raw/2020-Regulations-Amendments.pdf,no,
AntiCorruption,202021-Annual-Report-EACC.pdf,data/raw/202021-Annual-Report-EACC.pdf,no,
Finance,202021-annual-revenue-performance-final.pdf,data/raw/202021-annual-revenue-performance-final.pdf,yes,data/chunks/202021_annual_revenue_performance_final.jsonl
Finance,2021 Budget Review and Outlook Paper.pdf,data/raw/2021 Budget Review and Outlook Paper.pdf,yes,data/chunks/2021_budget_review_and_outlook_paper.jsonl
Education,2021-2022-Audited-Financial-Statements.pdf,data/raw/2021-2022-Audited-Financial-Statements.pdf,no,
AntiCorruption,2021-2022-Treasury-Memorandum-Public-Accounts-Committee-Report.pdf,data/raw/2021-2022-Treasury-Memorandum-Public-Accounts-Committee-Report.pdf,no,
ICT,2021-Act-KNEC-Data-Protection-Act.pdf,data/raw/2021-Act-KNEC-Data-Protection-Act.pdf,no,
Education,2021-Act-KNEC-Education.pdf,data/raw/2021-Act-KNEC-Education.pdf,no,
Agriculture,2021-Annual-Report-Field-Guide-4-Human-Nutrition-in-Resource-Management-in-Arid-and-Semi-Arid-Zones.pdf,data/raw/2021-Annual-Report-Field-Guide-4-Human-Nutrition-in-Resource-Management-in-Arid-and-Semi-Arid-Zones.pdf,no,
Infastructure,2021-Annual-Report-KPA.pdf,data/raw/2021-Annual-Report-KPA.pdf,no,
Infastructure,2021-Annual-Report-KeRRA-Appropriation-in-Aid-Receipts-on-E-Citizen.pdf,data/raw/2021-Annual-Report-KeRRA-Appropriation-in-Aid-Receipts-on-E-Citizen.pdf,no,
AntiCorruption,2021-Annual-Report-PPRA.pdf,data/raw/2021-Annual-Report-PPRA.pdf,no,
AntiCorruption,2021-Annual-Report.pdf,data/raw/2021-Annual-Report.pdf,no,
Infastructure,2021-Audit-Report-Alternative-Business-and-Partnerships-Booklet.pdf,data/raw/2021-Audit-Report-Alternative-Business-and-Partnerships-Booklet.pdf,no,
Agriculture,2021-Audit-Report-Auditor-General.pdf,data/raw/2021-Audit-Report-Auditor-General.pdf,no,
Education,2021-Audit-Report-Changes-Accepted.pdf,data/raw/2021-Audit-Report-Changes-Accepted.pdf,no,
Infastructure,2021-Audit-Report-Charter.pdf,data/raw/2021-Audit-Report-Charter.pdf,no,
Infastructure,2021-Audit-Report-Communication-System.pdf,data/raw/2021-Audit-Report-Communication-System.pdf,no,
Agriculture,2021-Audit-Report-Crop-Conditions.pdf,data/raw/2021-Audit-Report-Crop-Conditions.pdf,no,
ICT,2021-Audit-Report-Digital-Rights-Kenya-USPR.pdf,data/raw/2021-Audit-Report-Digital-Rights-Kenya-USPR.pdf,no,
Agriculture,2021-Audit-Report-ESMF.pdf,data/raw/2021-Audit-Report-ESMF.pdf,no,
ICT,2021-Audit-Report-KEN-Digital-Readiness-Study.pdf,data/raw/2021-Audit-Report-KEN-Digital-Readiness-Study.pdf,no,
Infastructure,2021-Audit-Report-PKETRACO-Portfolio.pdf,data/raw/2021-Audit-Report-PKETRACO-Portfolio.pdf,no,
Infastructure,2021-Audit-Report-Pavement-Foundation-and-Materials-Design.pdf,data/raw/2021-Audit-Report-Pavement-Foundation-and-Materials-Design.pdf,no,
ICT,2021-Audit-Report-Safe-Web-for-Women.pdf,data/raw/2021-Audit-Report-Safe-Web-for-Women.pdf,no,
AntiCorruption,2021-Audit-Report-Wamasae-and-Others.pdf,data/raw/2021-Audit-Report-Wamasae-and-Others.pdf,no,
Infastructure,2021-Audit-Report.pdf,data/raw/2021-Audit-Report.pdf,no,
Infastructure,2021-Audit-orgenkplc.pdf,data/raw/2021-Audit-orgenkplc.pdf,no,
Infastructure,2021-Bill-KRC-The-Railways.pdf,data/raw/2021-Bill-KRC-The-Railways.pdf,no,
Finance,2021-Budget-Policy-Statement.pdf,data/raw/2021-Budget-Policy-Statement.pdf,yes,data/chunks/2021_budget_policy_statement.jsonl
ICT,2021-Cybercrime-Computer-Misuse.pdf,data/raw/2021-Cybercrime-Computer-Misuse.pdf,no,
Infastructure,2021-EnergyandPetroleum-Statistics-Report.pdf,data/raw/2021-EnergyandPetroleum-Statistics-Report.pdf,no,
Agriculture,2021-Field-Guide-Pastoral-and-Agro-pastoral-Production-in-Arid-and-semi-arid-zones.pdf,data/raw/2021-Field-Guide-Pastoral-and-Agro-pastoral-Production-in-Arid-and-semi-arid-zones.pdf,no,
Infastructure,2021-Final-Mag-Post.pdf,data/raw/2021-Final-Mag-Post.pdf,no,
ICT,2021-Financial-Statements-Konza-Technopolis-Development-Authority.pdf,data/raw/2021-Financial-Statements-Konza-Technopolis-Development-Authority.pdf,no,
AntiCorruption,2021-Guidelines-Bribery-Act.pdf,data/raw/2021-Guidelines-Bribery-Act.pdf,no,
ICT,2021-IGF-KNEC-YOUTH.pdf,data/raw/2021-IGF-KNEC-YOUTH.pdf,no,
ICT,2021-IGF-Report.pdf,data/raw/2021-IGF-Report.pdf,no,
ICT,2021-Masterplan-KETRACO-National-ICT-Plan.pdf,data/raw/2021-Masterplan-KETRACO-National-ICT-Plan.pdf,no,
Finance,2021-Medium-Term-Debt-Manadement-Strategy.pdf,data/raw/2021-Medium-Term-Debt-Manadement-Strategy.pdf,yes,data/chunks/2021_medium_term_debt_manadement_strategy.jsonl
Agriculture,2021-Policy-Government-National-Agriculture-Research-System.pdf,data/raw/2021-Policy-Government-National-Agriculture-Research-System.pdf,no,
AntiCorruption,2021-Policy-KNEC-Code20of20Ethics.pdf,data/raw/2021-Policy-KNEC-Code20of20Ethics.pdf,no,
Agriculture,2021-Policy-Kenya-PostHarvestManagementOnFoodLossAndWasteReductionStrategy.pdf,data/raw/2021-Policy-Kenya-PostHarvestManagementOnFoodLossAndWasteReductionStrategy.pdf,no,
Agriculture,2021-Policy-Ministry-of-Agriculture-National-Agricultural-Insurance.pdf,data/raw/2021-Policy-Ministry-of-Agriculture-National-Agricultural-Insurance.pdf,no,
Infastructure,2021-Policy-Road-Safety-Audits.pdf,data/raw/2021-Policy-Road-Safety-Audits.pdf,no,
Agriculture,2021-Regulations-Draft-for-national-validation.pdf,data/raw/2021-Regulations-Draft-for-national-validation.pdf,no,
ICT,2021-Research-IMPACT-OF-SMART-CITIES-ON-SUSTAINABLE-URBAN-DEVELOPMENT.pdf,data/raw/2021-Research-IMPACT-OF-SMART-CITIES-ON-SUSTAINABLE-URBAN-DEVELOPMENT.pdf,no,
Agriculture,2021-SR-KNEC-Youth-in-Agribusiness-Strategy.pdf,data/raw/2021-SR-KNEC-Youth-in-Agribusiness-Strategy.pdf,no,
Finance,2021-Tax-Expenditure-Report.pdf,data/raw/2021-Tax-Expenditure-Report.pdf,yes,data/chunks/2021_tax_expenditure_report.jsonl
Agriculture,2022-2023-KALRO-Annual-Report.pdf,data/raw/2022-2023-KALRO-Annual-Report.pdf,no,
Agriculture,2022-23-KALRO-Annual-Report.pdf,data/raw/2022-23-KALRO-Annual-Report.pdf,no,
AntiCorruption,2022-Annual-EACC-Final.pdf,data/raw/2022-Annual-EACC-Final.pdf,no,
Infastructure,2022-Annual-KeRRA-Report.pdf,data/raw/2022-Annual-KeRRA-Report.pdf,no,
Agriculture,2022-Annual-Report-BRI.pdf,data/raw/2022-Annual-Report-BRI.pdf,no,
ICT,2022-Annual-Report-CA.pdf,data/raw/2022-Annual-Report-CA.pdf,no,
Agriculture,2022-Annual-Report-GeRRI.pdf,data/raw/2022-Annual-Report-GeRRI.pdf,no,
Agriculture,2022-Annual-Report-HRI-Final.pdf,data/raw/2022-Annual-Report-HRI-Final.pdf,no,
Agriculture,2022-Annual-Report-KALRO-Dairy-Research-Institute.pdf,data/raw/2022-Annual-Report-KALRO-Dairy-Research-Institute.pdf,no,
Agriculture,2022-Annual-Report-KARRO-2023.pdf,data/raw/2022-Annual-Report-KARRO-2023.pdf,no,
Infastructure,2022-Annual-Report-KNHA-2023.pdf,data/raw/2022-Annual-Report-KNHA-2023.pdf,no,
Infastructure,2022-Annual-Report-KPLC-Summary-of-Year.pdf,data/raw/2022-Annual-Report-KPLC-Summary-of-Year.pdf,no,
Infastructure,2022-Annual-Report-KPLC-Summary.pdf,data/raw/2022-Annual-Report-KPLC-Summary.pdf,no,
Infastructure,2022-Annual-Report-KPLC-Supplies.pdf,data/raw/2022-Annual-Report-KPLC-Supplies.pdf,no,
Infastructure,2022-Annual-Report-KPLC-Survey.pdf,data/raw/2022-Annual-Report-KPLC-Survey.pdf,no,
Infastructure,2022-Annual-Report-KPLC-Sustainability-Performance.pdf,data/raw/2022-Annual-Report-KPLC-Sustainability-Performance.pdf,no,
Infastructure,2022-Annual-Report-National-Transport-Safety-Authority.pdf,data/raw/2022-Annual-Report-National-Transport-Safety-Authority.pdf,no,
Infastructure,2022-Annual-Report.pdf,data/raw/2022-Annual-Report.pdf,no,
Agriculture,2022-AnnualReport-KALRO-ICRI.pdf,data/raw/2022-AnnualReport-KALRO-ICRI.pdf,no,
Agriculture,2022-AnnualReport-KALRO.pdf,data/raw/2022-AnnualReport-KALRO.pdf,no,
ICT,2022-Anual-Report.pdf,data/raw/2022-Anual-Report.pdf,no,
Infastructure,2022-Audit-Report-Digital-Version.pdf,data/raw/2022-Audit-Report-Digital-Version.pdf,no,
Agriculture,2022-Audit-Report-Migration-And-Invasive-Pests-And-Weeds-Management-Strategy.pdf,data/raw/2022-Audit-Report-Migration-And-Invasive-Pests-And-Weeds-Management-Strategy.pdf,no,
Education,2022-Audit-Report-Study-1.pdf,data/raw/2022-Audit-Report-Study-1.pdf,no,
Finance,2022-Budget-Policy-Statement.pdf,data/raw/2022-Budget-Policy-Statement.pdf,yes,data/chunks/2022_budget_policy_statement.jsonl
Finance,2022-Economic-Survey.pdf,data/raw/2022-Economic-Survey.pdf,yes,data/chunks/2022_economic_survey.jsonl
Infastructure,2022-Energy-and-Petroleum-Stats-Report.pdf,data/raw/2022-Energy-and-Petroleum-Stats-Report.pdf,no,
ICT,2022-Forensic-Audit-Report-on-National-Optic-Fibre-Backbone-Infrastructure-and-IP-Based-HIPATH-4000-Network-Projects.pdf,data/raw/2022-Forensic-Audit-Report-on-National-Optic-Fibre-Backbone-Infrastructure-and-IP-Based-HIPATH-4000-Network-Projects.pdf,no,
ICT,2022-IGF-report.pdf,data/raw/2022-IGF-report.pdf,no,
Education,2022-KCSE-EXAMINATION-ESSENTIAL-STATISTICS.pdf,data/raw/2022-KCSE-EXAMINATION-ESSENTIAL-STATISTICS.pdf,no,
AntiCorruption,2022-MER-KENYA-Survey.pdf,data/raw/2022-MER-KENYA-Survey.pdf,no,
AntiCorruption,2022-Manual-KNEC-Debarment.pdf,data/raw/2022-Manual-KNEC-Debarment.pdf,no,
ICT,2022-Masterplan-Ministry-of-ICT-Kenya-Digital.pdf,data/raw/2022-Masterplan-Ministry-of-ICT-Kenya-Digital.pdf,no,
Finance,2022-POST-ELECTION-ECONOMIC-AND-FISCAL-REPORT.pdf,data/raw/2022-POST-ELECTION-ECONOMIC-AND-FISCAL-REPORT.pdf,yes,data/chunks/2022_post_election_economic_and_fiscal_report.jsonl
Agriculture,2022-Policy-Ministry-of-Agriculture-KASEP.pdf,data/raw/2022-Policy-Ministry-of-Agriculture-KASEP.pdf,no,
AntiCorruption,2022-Policy-publicofficerethicsact-chapter-18.3.pdf,data/raw/2022-Policy-publicofficerethicsact-chapter-18.3.pdf,no,
Agriculture,2022-Regulatory-Impact-Assessment-Ministry-of-Agriculture.pdf,data/raw/2022-Regulatory-Impact-Assessment-Ministry-of-Agriculture.pdf,no,
Infastructure,2022-Strategic-Plan-KNEC-Final2.pdf,data/raw/2022-Strategic-Plan-KNEC-Final2.pdf,no,
Finance,2022-Tax-Expenditure-Report.pdf,data/raw/2022-Tax-Expenditure-Report.pdf,yes,data/chunks/2022_tax_expenditure_report.jsonl
ICT,2023-2024-Audit-Report.pdf,data/raw/2023-2024-Audit-Report.pdf,no,
Infastructure,2023-2024-KETRACO-Audit-Report.pdf,data/raw/2023-2024-KETRACO-Audit-Report.pdf,no,
Agriculture,2023-Annual-Report-AFA-Bulletin.pdf,data/raw/2023-Annual-Report-AFA-Bulletin.pdf,no,
Agriculture,2023-Annual-Report-Consolidated-Summary-Report-NCCE.pdf,data/raw/2023-Annual-Report-Consolidated-Summary-Report-NCCE.pdf,no,
Infastructure,2023-Annual-Report-KENGEN-BESS-Project.pdf,data/raw/2023-Annual-Report-KENGEN-BESS-Project.pdf,no,
ICT,2023-Annual-Report-KNEC-2024.pdf,data/raw/2023-Annual-Report-KNEC-2024.pdf,no,
Education,2023-Annual-Report-KNEC-Strategic-Plan.pdf,data/raw/2023-Annual-Report-KNEC-Strategic-Plan.pdf,no,
Infastructure,2023-Annual-Report-KPLC-Performance.pdf,data/raw/2023-Annual-Report-KPLC-Performance.pdf,no,
Infastructure,2023-Annual-Report-KPLC-Summary.pdf,data/raw/2023-Annual-Report-KPLC-Summary.pdf,no,
Infastructure,2023-Annual-Report-KPLC-Survey.pdf,data/raw/2023-Annual-Report-KPLC-Survey.pdf,no,
ICT,2023-Annual-Report-Konza-Technopolis-Strategic-Plan.pdf,data/raw/2023-Annual-Report-Konza-Technopolis-Strategic-Plan.pdf,no,
Education,2023-Annual-Report-NCG-Newsletter.pdf,data/raw/2023-Annual-Report-NCG-Newsletter.pdf,no,
AntiCorruption,2023-Annual-Report-Of-Activities-and-Financial-Statements-for-the-Fiscal-Year-2023-2024-Final-Report.pdf,data/raw/2023-Annual-Report-Of-Activities-and-Financial-Statements-for-the-Fiscal-Year-2023-2024-Final-Report.pdf,no,
Infastructure,2023-Audit-Report-30052024.pdf,data/raw/2023-Audit-Report-30052024.pdf,no,
Infastructure,2023-Audit-Report-Addendum.pdf,data/raw/2023-Audit-Report-Addendum.pdf,no,
Agriculture,2023-Audit-Report-Agricultural-Finance-Corporation.pdf,data/raw/2023-Audit-Report-Agricultural-Finance-Corporation.pdf,no,
Infastructure,2023-Audit-Report-Amended.pdf,data/raw/2023-Audit-Report-Amended.pdf,no,
Education,2023-Audit-Report-Auditor-General-NGCDF.pdf,data/raw/2023-Audit-Report-Auditor-General-NGCDF.pdf,no,
ICT,2023-Audit-Report-DigitalskillsforAfrica.pdf,data/raw/2023-Audit-Report-DigitalskillsforAfrica.pdf,no,
Agriculture,2023-Audit-Report-Draft.pdf,data/raw/2023-Audit-Report-Draft.pdf,no,
Agriculture,2023-Audit-Report-Finaleagricultureandfoodauth.pdf,data/raw/2023-Audit-Report-Finaleagricultureandfoodauth.pdf,no,
Agriculture,2023-Audit-Report-Full-Version.pdf,data/raw/2023-Audit-Report-Full-Version.pdf,no,
Agriculture,2023-Audit-Report-IPPF.pdf,data/raw/2023-Audit-Report-IPPF.pdf,no,
Infastructure,2023-Audit-Report-Intelligent-Transport-System.pdf,data/raw/2023-Audit-Report-Intelligent-Transport-System.pdf,no,
Infastructure,2023-Audit-Report-Other-Traffic-Control-Devices.pdf,data/raw/2023-Audit-Report-Other-Traffic-Control-Devices.pdf,no,
Agriculture,2023-Audit-Report-PKU.pdf,data/raw/2023-Audit-Report-PKU.pdf,no,
Infastructure,2023-Audit-Report.pdf,data/raw/2023-Audit-Report.pdf,no,
Infastructure,2023-Biannual-Energy-and-Petroleum-Statistics-Report.pdf,data/raw/2023-Biannual-Energy-and-Petroleum-Statistics-Report.pdf,no,
ICT,2023-Bill-KNEC-National-Addressing.pdf,data/raw/2023-Bill-KNEC-National-Addressing.pdf,no,
ICT,2023-Bill-KNEC-NationalAddressing-Report.pdf,data/raw/2023-Bill-KNEC-NationalAddressing-Report.pdf,no,
Finance,2023-Budget-Policy-Statement.pdf,data/raw/2023-Budget-Policy-Statement.pdf,yes,data/chunks/2023_budget_policy_statement.jsonl
Finance,2023-Budget-Review-and-Outlook-Paper_f.pdf,data/raw/2023-Budget-Review-and-Outlook-Paper_f.pdf,yes,data/chunks/2023_budget_review_and_outlook_paper_f.jsonl
Agriculture,2023-Bulletin-KNEC-Final.pdf,data/raw/2023-Bulletin-KNEC-Final.pdf,no,
Agriculture,2023-Draft-Regulations-Propagating-Seeds.pdf,data/raw/2023-Draft-Regulations-Propagating-Seeds.pdf,no,
Finance,2023-Economic-Survey.pdf,data/raw/2023-Economic-Survey.pdf,yes,data/chunks/2023_economic_survey.jsonl
ICT,2023-Election-Observer-Report.pdf,data/raw/2023-Election-Observer-Report.pdf,no,
Infastructure,2023-Energy-Post-SecondEdition.pdf,data/raw/2023-Energy-Post-SecondEdition.pdf,no,
Agriculture,2023-FSRP-ESMF-October-2023.pdf,data/raw/2023-FSRP-ESMF-October-2023.pdf,no,
Agriculture,2023-FSRP-RPF-OCTOBER.pdf,data/raw/2023-FSRP-RPF-OCTOBER.pdf,no,
Agriculture,2023-FSRP-SEAH-OCTOBER.pdf,data/raw/2023-FSRP-SEAH-OCTOBER.pdf,no,
Agriculture,2023-Final-SRP-Monthly-Report.pdf,data/raw/2023-Final-SRP-Monthly-Report.pdf,no,
Agriculture,2023-Final-SRP-OCTOBER-2023.pdf,data/raw/2023-Final-SRP-OCTOBER-2023.pdf,no,
Agriculture,2023-Final-SRP-VMGF.pdf,data/raw/2023-Final-SRP-VMGF.pdf,no,
Infastructure,2023-Guidelines-KERRA-National-Values-Governance.pdf,data/raw/2023-Guidelines-KERRA-National-Values-Governance.pdf,no,
AntiCorruption,2023-Guidelines-UNODC-ODPP-Prosecution-CEC.pdf,data/raw/2023-Guidelines-UNODC-ODPP-Prosecution-CEC.pdf,no,
ICT,2023-IGF-Report.pdf,data/raw/2023-IGF-Report.pdf,no,
ICT,2023-IGGF-Report.pdf,data/raw/2023-IGGF-Report.pdf,no,
Infastructure,2023-Manual-KeNHA-RDM-1.3-Geometric-Design.pdf,data/raw/2023-Manual-KeNHA-RDM-1.3-Geometric-Design.pdf,no,
Infastructure,2023-Manual-KeNHA-RDM-2.1-Hydrological-Surveys.pdf,data/raw/2023-Manual-KeNHA-RDM-2.1-Hydrological-Surveys.pdf,no,
Infastructure,2023-Manual-KeNHA-RDM-2.2-Drainage-Design.pdf,data/raw/2023-Manual-KeNHA-RDM-2.2-Drainage-Design.pdf,no,
Infastructure,2023-Manual-KeNHA-RDM-3.1-Ground-Investigations.pdf,data/raw/2023-Manual-KeNHA-RDM-3.1-Ground-Investigations.pdf,no,
Infastructure,2023-Manual-KeNHA-RDM-3.4-Flexible-Pavement-Design.pdf,data/raw/2023-Manual-KeNHA-RDM-3.4-Flexible-Pavement-Design.pdf,no,
Infastructure,2023-Manual-KeNHA-RDM-3.5-Rigid-Pavement-Design.pdf,data/raw/2023-Manual-KeNHA-RDM-3.5-Rigid-Pavement-Design.pdf,no,
Infastructure,2023-Manual-KeNHA-RDM-4.2-Bridge-Culvert-Design.pdf,data/raw/2023-Manual-KeNHA-RDM-4.2-Bridge-Culvert-Design.pdf,no,
Infastructure,2023-Manual-KeNHA-RDM-5.1-Pavement-Condition-Survey.pdf,data/raw/2023-Manual-KeNHA-RDM-5.1-Pavement-Condition-Survey.pdf,no,
Infastructure,2023-Manual-KeNHA-RDM-5.2-Pavement-Maintenance.pdf,data/raw/2023-Manual-KeNHA-RDM-5.2-Pavement-Maintenance.pdf,no,
Agriculture,2023-Policy-Repeal-Bill.pdf,data/raw/2023-Policy-Repeal-Bill.pdf,no,
Agriculture,2023-Regulations-KNEC-Validation-Copy.pdf,data/raw/2023-Regulations-KNEC-Validation-Copy.pdf,no,
Infastructure,2023-Statistics-EPRA.pdf,data/raw/2023-Statistics-EPRA.pdf,no,
ICT,2023-Strategic-National-Broadband-Strategy.pdf,data/raw/2023-Strategic-National-Broadband-Strategy.pdf,no,
Infastructure,2023-Strategic-Plan-KURA-August2024.pdf,data/raw/2023-Strategic-Plan-KURA-August2024.pdf,no,
Infastructure,2023-Strategic-Plan-KeRRA.pdf,data/raw/2023-Strategic-Plan-KeRRA.pdf,no,
Agriculture,2023-Strategic-Plan-Ministry-For-Validation-Engagement-19.12.2023-1.pdf,data/raw/2023-Strategic-Plan-Ministry-For-Validation-Engagement-19.12.2023-1.pdf,no,
Education,2023-Strategic-Plan-MinistryOfEducation-MediumTermExpenditureFramework.pdf,data/raw/2023-Strategic-Plan-MinistryOfEducation-MediumTermExpenditureFramework.pdf,no,
Agriculture,2023-Strategic-Plan-NI.pdf,data/raw/2023-Strategic-Plan-NI.pdf,no,
ICT,2023-Strategic-Plan-National-E-Commerce-Strategy.pdf,data/raw/2023-Strategic-Plan-National-E-Commerce-Strategy.pdf,no,
AntiCorruption,2023-Strategic-Plan-ODPP.pdf,data/raw/2023-Strategic-Plan-ODPP.pdf,no,
ICT,2023-Strategic-Who-Globally-DigitalHealth.pdf,data/raw/2023-Strategic-Who-Globally-DigitalHealth.pdf,no,
Finance,2023-Tax-Expenditure-Report-Final.pdf,data/raw/2023-Tax-Expenditure-Report-Final.pdf,yes,data/chunks/2023_tax_expenditure_report_final.jsonl
Agriculture,2024-25-Survey-GoK-Kenya-Census-of-Agriculture-Pilot.pdf,data/raw/2024-25-Survey-GoK-Kenya-Census-of-Agriculture-Pilot.pdf,no,
Infastructure,2024-Annual-Procurement-Plan-KeNHA-Maintenance.pdf,data/raw/2024-Annual-Procurement-Plan-KeNHA-Maintenance.pdf,no,
Agriculture,2024-Annual-Report-AFA-Second-Quarter-Bulletin.pdf,data/raw/2024-Annual-Report-AFA-Second-Quarter-Bulletin.pdf,no,
ICT,2024-Annual-Report-KICTANet.pdf,data/raw/2024-Annual-Report-KICTANet.pdf,no,
Infastructure,2024-Annual-Report-KenGen-Integrated-Report.pdf,data/raw/2024-Annual-Report-KenGen-Integrated-Report.pdf,no,
Agriculture,2024-Annual-Report-National-Agriculture-Production.pdf,data/raw/2024-Annual-Report-National-Agriculture-Production.pdf,no,
AntiCorruption,2024-Annual-Report-Of-Acivities-and-Financial-Statements-for-the-Fiscal-Year-2024-2025-Final-Version-2-2.pdf,data/raw/2024-Annual-Report-Of-Acivities-and-Financial-Statements-for-the-Fiscal-Year-2024-2025-Final-Version-2-2.pdf,no,
Infastructure,2024-AnnualEnergyPetroleumStatisticsReport.pdf,data/raw/2024-AnnualEnergyPetroleumStatisticsReport.pdf,no,
Agriculture,2024-Audit-Report.pdf,data/raw/2024-Audit-Report.pdf,no,
Finance,2024-Budget-Review-and-Outlook-Paper.pdf,data/raw/2024-Budget-Review-and-Outlook-Paper.pdf,yes,data/chunks/2024_budget_review_and_outlook_paper.jsonl
Finance,2024-Economic-Survey.pdf,data/raw/2024-Economic-Survey.pdf,yes,data/chunks/2024_economic_survey.jsonl
ICT,2024-FinAccess-Household-Survey-Report.pdf,data/raw/2024-FinAccess-Household-Survey-Report.pdf,no,
ICT,2024-Financial-Statements-Auditor-General-Konza-Technopolis.pdf,data/raw/2024-Financial-Statements-Auditor-General-Konza-Technopolis.pdf,no,
Infastructure,2024-Financial-Statements-KENYAPOWER.pdf,data/raw/2024-Financial-Statements-KENYAPOWER.pdf,no,
ICT,2024-IGF-Report.pdf,data/raw/2024-IGF-Report.pdf,no,
Finance,2024-Medium-Term-Debt-Management-Strategy-14-2-2024-Final.pdf,data/raw/2024-Medium-Term-Debt-Management-Strategy-14-2-2024-Final.pdf,yes,data/chunks/2024_medium_term_debt_management_strategy_14_2_2024_final.jsonl
Education,2024-Report-MinistryOfEducation-EducationSector.pdf,data/raw/2024-Report-MinistryOfEducation-EducationSector.pdf,no,
Infastructure,2024-Strategic-Power-Sustainability.pdf,data/raw/2024-Strategic-Power-Sustainability.pdf,no,
Finance,2025 Budget Policy Statement...pdf,data/raw/2025 Budget Policy Statement...pdf,no,
Infastructure,2025-2026-Biannual-Statistics-Report.pdf,data/raw/2025-2026-Biannual-Statistics-Report.pdf,no,
Agriculture,2025-Agriculture-Production-Report.pdf,data/raw/2025-Agriculture-Production-Report.pdf,no,
ICT,2025-Annual-Review-NCSC.pdf,data/raw/2025-Annual-Review-NCSC.pdf,no,
Agriculture,2025-Audit-Report-KENYA-KE2025-0001.pdf,data/raw/2025-Audit-Report-KENYA-KE2025-0001.pdf,no,
Education,2025-Audit-Report-OLKALAU.pdf,data/raw/2025-Audit-Report-OLKALAU.pdf,no,
ICT,2025-Audit-Report.pdf,data/raw/2025-Audit-Report.pdf,no,
Finance,2025-Budget-Review-and-Outlook-Paper-1.pdf,data/raw/2025-Budget-Review-and-Outlook-Paper-1.pdf,yes,data/chunks/2025_budget_review_and_outlook_paper_1.jsonl
Finance,2025-Economic-Survey.pdf,data/raw/2025-Economic-Survey.pdf,yes,data/chunks/2025_economic_survey.jsonl
Infastructure,2025-General-Regulations-KNHA.pdf,data/raw/2025-General-Regulations-KNHA.pdf,no,
ICT,2025-Policy-Africa-Tech-Report.pdf,data/raw/2025-Policy-Africa-Tech-Report.pdf,no,
Infastructure,2025-Policy-Kenya-Railways-Quality.pdf,data/raw/2025-Policy-Kenya-Railways-Quality.pdf,no,
Infastructure,2025-Qualitative-GDP-Report.pdf,data/raw/2025-Qualitative-GDP-Report.pdf,no,
ICT,2025-Report-Donor-Roundtable-Funding-Globally.pdf,data/raw/2025-Report-Donor-Roundtable-Funding-Globally.pdf,no,
Education,2025-Report-MinistryOfEducation-EducationSector.pdf,data/raw/2025-Report-MinistryOfEducation-EducationSector.pdf,no,
Education,2025-Research-Report-MoE-GPE-Results-Framework.pdf,data/raw/2025-Research-Report-MoE-GPE-Results-Framework.pdf,no,
Infastructure,2025-STRENGTHENING-OF-KANDWIA-–-KYUSO-RD-AND-UPGRADING-OF-KYUSO-–-TSEIKURU-B52-RD-PROJECT.pdf,data/raw/2025-STRENGTHENING-OF-KANDWIA-–-KYUSO-RD-AND-UPGRADING-OF-KYUSO-–-TSEIKURU-B52-RD-PROJECT.pdf,no,
Education,2025-Special-Audit-Report-Auditor-General-Capitation-Grants.pdf,data/raw/2025-Special-Audit-Report-Auditor-General-Capitation-Grants.pdf,no,
Infastructure,2025-Statistics-Report-June-EPRA.pdf,data/raw/2025-Statistics-Report-June-EPRA.pdf,no,
Education,2025-Statistics-Report-KNEC-KCSE-Examination.pdf,data/raw/2025-Statistics-Report-KNEC-KCSE-Examination.pdf,no,
Education,2025-Statistics-Report-KNEC-KJSEA-Essentials.pdf,data/raw/2025-Statistics-Report-KNEC-KJSEA-Essentials.pdf,no,
ICT,2025-Strategy-GOK-Kenya-AI.pdf,data/raw/2025-Strategy-GOK-Kenya-AI.pdf,no,
Infastructure,2025-Upgrading-of-Nanyuki-Naibor-Doldol.pdf,data/raw/2025-Upgrading-of-Nanyuki-Naibor-Doldol.pdf,no,
Agriculture,2025-Weather-Forecast-KMD-December.pdf,data/raw/2025-Weather-Forecast-KMD-December.pdf,no,
Agriculture,2025-Weather-Forecast-KMD-OND-Season.pdf,data/raw/2025-Weather-Forecast-KMD-OND-Season.pdf,no,
Finance,2026 Budget Policy Statement.pdf,data/raw/2026 Budget Policy Statement.pdf,yes,data/chunks/2026_budget_policy_statement.jsonl
Agriculture,2026-Annual-Report-National-Livestock-Agenda_Final.pdf,data/raw/2026-Annual-Report-National-Livestock-Agenda_Final.pdf,no,
Agriculture,2026-Bulletin-KNEC-DEW.pdf,data/raw/2026-Bulletin-KNEC-DEW.pdf,no,
Infastructure,2026-Regulatory-Impact-Assessment-for-the-Kenya-Roads-Roadside-Stations-Regulations.pdf,data/raw/2026-Regulatory-Impact-Assessment-for-the-Kenya-Roads-Roadside-Stations-Regulations.pdf,no,
Finance,7th-Corporate-Plan-FA-Online-version-min.pdf,data/raw/7th-Corporate-Plan-FA-Online-version-min.pdf,yes,data/chunks/7th_corporate_plan_fa_online_version_min.jsonl
Finance,ANNUAL PUBLIC DEBT REPORT 2016-2017.pdf,data/raw/ANNUAL PUBLIC DEBT REPORT 2016-2017.pdf,yes,data/chunks/annual_public_debt_report_2016_2017.jsonl
Finance,ANNUAL-CORPORATE-REPORT-2023-2024.pdf,data/raw/ANNUAL-CORPORATE-REPORT-2023-2024.pdf,yes,data/chunks/annual_corporate_report_2023_2024.jsonl
Finance,ANNUAL-NATIONAL-GOVERNMENT-BUDGET-OCT-2017.pdf,data/raw/ANNUAL-NATIONAL-GOVERNMENT-BUDGET-OCT-2017.pdf,yes,data/chunks/annual_national_government_budget_oct_2017.jsonl
Finance,ANNUAL-REVENUE-PERFORMANCE-FY-2023-2024.-080724.pdf,data/raw/ANNUAL-REVENUE-PERFORMANCE-FY-2023-2024.-080724.pdf,yes,data/chunks/annual_revenue_performance_fy_2023_2024__080724.jsonl
Finance,ANNUAL-REVENUE-PERFORMANCE-FY-2024-25-KRA-Corporate-Colours.pdf,data/raw/ANNUAL-REVENUE-PERFORMANCE-FY-2024-25-KRA-Corporate-Colours.pdf,yes,data/chunks/annual_revenue_performance_fy_2024_25_kra_corporate_colours.jsonl
AntiCorruption,Act-Anticorruption-Revised-2016.pdf,data/raw/Act-Anticorruption-Revised-2016.pdf,no,
Agriculture,Animal-Disease-Act-Fees-and-Payments.pdf,data/raw/Animal-Disease-Act-Fees-and-Payments.pdf,no,
Finance,Annex-of-State-Corporations-Revenue-and-Expenditure2017-2018-pure tables.pdf,data/raw/Annex-of-State-Corporations-Revenue-and-Expenditure2017-2018-pure tables.pdf,yes,data/chunks/annex_of_state_corporations_revenue_and_expenditure2017_2018_pure_tables.jsonl
Finance,Annual NGBIRR FY 2024-25 a-1.pdf,data/raw/Annual NGBIRR FY 2024-25 a-1.pdf,yes,data/chunks/annual_ngbirr_fy_2024_25_a_1.jsonl
Infastructure,Annual Report 2017-2018_0.pdf,data/raw/Annual Report 2017-2018_0.pdf,no,
Finance,Annual-Corporate-Report-2016-2017.pdf,data/raw/Annual-Corporate-Report-2016-2017.pdf,yes,data/chunks/annual_corporate_report_2016_2017.jsonl
Finance,Annual-Corporate-Report-2017-2018.pdf,data/raw/Annual-Corporate-Report-2017-2018.pdf,yes,data/chunks/annual_corporate_report_2017_2018.jsonl
Finance,Annual-Corporate-Report-2018-2019.pdf,data/raw/Annual-Corporate-Report-2018-2019.pdf,yes,data/chunks/annual_corporate_report_2018_2019.jsonl
Finance,Annual-Corporate-Report-2019-2020.pdf,data/raw/Annual-Corporate-Report-2019-2020.pdf,yes,data/chunks/annual_corporate_report_2019_2020.jsonl
Finance,Annual-Corporate-Report-2020-2021.pdf,data/raw/Annual-Corporate-Report-2020-2021.pdf,yes,data/chunks/annual_corporate_report_2020_2021.jsonl
Finance,Annual-Corporate-Report-2021-2022.pdf,data/raw/Annual-Corporate-Report-2021-2022.pdf,yes,data/chunks/annual_corporate_report_2021_2022.jsonl
Finance,Annual-Corporate-Report-2024-2025.pdf,data/raw/Annual-Corporate-Report-2024-2025.pdf,yes,data/chunks/annual_corporate_report_2024_2025.jsonl
Finance,Annual-Public-Debt-Report-2018-2019.pdf,data/raw/Annual-Public-Debt-Report-2018-2019.pdf,yes,data/chunks/annual_public_debt_report_2018_2019.jsonl
Finance,Annual-Public-Debt-Report-2019-2020.pdf,data/raw/Annual-Public-Debt-Report-2019-2020.pdf,yes,data/chunks/annual_public_debt_report_2019_2020.jsonl
Finance,Annual-Public-Debt-Report-2020-2021.pdf,data/raw/Annual-Public-Debt-Report-2020-2021.pdf,yes,data/chunks/annual_public_debt_report_2020_2021.jsonl
Finance,Annual-Public-Debt-Report-2022-2023-Sept-2023.pdf,data/raw/Annual-Public-Debt-Report-2022-2023-Sept-2023.pdf,yes,data/chunks/annual_public_debt_report_2022_2023_sept_2023.jsonl
Finance,Annual-Public-Debt-Report-2023-2024.pdf,data/raw/Annual-Public-Debt-Report-2023-2024.pdf,yes,data/chunks/annual_public_debt_report_2023_2024.jsonl
Finance,Annual-Public-Debt-Report-2024-2025.pdf,data/raw/Annual-Public-Debt-Report-2024-2025.pdf,yes,data/chunks/annual_public_debt_report_2024_2025.jsonl
Infastructure,Annual-Report-2016-2017.pdf,data/raw/Annual-Report-2016-2017.pdf,no,
Infastructure,Annual-Report-2018-2019_0.pdf,data/raw/Annual-Report-2018-2019_0.pdf,no,
Agriculture,Annual-Report-FCRI-2022-23.pdf,data/raw/Annual-Report-FCRI-2022-23.pdf,no,
Agriculture,Annual-Report-In-Situ-Water-Harvesting-Technologies-and-Fertilizers.pdf,data/raw/Annual-Report-In-Situ-Water-Harvesting-Technologies-and-Fertilizers.pdf,no,
Agriculture,Annual-Report-KEPHIS-KEPHIS.pdf,data/raw/Annual-Report-KEPHIS-KEPHIS.pdf,no,
Education,Annual-Report-KESP-2005-2010.pdf,data/raw/Annual-Report-KESP-2005-2010.pdf,no,
Infastructure,Annual-Report-Kenya-Electricity-Advisory-Board.pdf,data/raw/Annual-Report-Kenya-Electricity-Advisory-Board.pdf,no,
AntiCorruption,Annual-Report-PPRA-2019-2020.pdf,data/raw/Annual-Report-PPRA-2019-2020.pdf,no,
AntiCorruption,Annual-Report-PPRA-2023-2024.pdf,data/raw/Annual-Report-PPRA-2023-2024.pdf,no,
AntiCorruption,Annual-Report-PPRA-Annual-Report.pdf,data/raw/Annual-Report-PPRA-Annual-Report.pdf,no,
Infastructure,Annual-Report-RDM-Traffic-Signs.pdf,data/raw/Annual-Report-RDM-Traffic-Signs.pdf,no,
AntiCorruption,Annual-Report-Revised-Edition-2016.pdf,data/raw/Annual-Report-Revised-Edition-2016.pdf,no,
Finance,Anuall Coprate Report-2022-23-1.pdf,data/raw/Anuall Coprate Report-2022-23-1.pdf,yes,data/chunks/anuall_coprate_report_2022_23_1.jsonl
Finance,Auditor-General-Report-on-National-Government-for-2022-2023.pdf,data/raw/Auditor-General-Report-on-National-Government-for-2022-2023.pdf,yes,data/chunks/auditor_general_report_on_national_government_for_2022_2023.jsonl
Finance,Auditor-Generals-summary-Report-on-National-Government-2023-2024.pdf,data/raw/Auditor-Generals-summary-Report-on-National-Government-2023-2024.pdf,yes,data/chunks/auditor_generals_summary_report_on_national_government_2023_2024.jsonl
Education,BasicEducationAct-No.14-of-2013.pdf,data/raw/BasicEducationAct-No.14-of-2013.pdf,no,
AntiCorruption,BriberyAct_47of2016.pdf,data/raw/BriberyAct_47of2016.pdf,no,
Finance,Budget-Summary-for-the-FY-2021-22.pdf,data/raw/Budget-Summary-for-the-FY-2021-22.pdf,yes,data/chunks/budget_summary_for_the_fy_2021_22.jsonl
Finance,Budget-Summary-for-the-FY-2022_23.pdf,data/raw/Budget-Summary-for-the-FY-2022_23.pdf,yes,data/chunks/budget_summary_for_the_fy_2022_23.jsonl
Finance,Budget-Summary-for-the-FY-2023_24.pdf,data/raw/Budget-Summary-for-the-FY-2023_24.pdf,yes,data/chunks/budget_summary_for_the_fy_2023_24.jsonl
Finance,Budget-Summary-for-the-FY-2024-25.pdf,data/raw/Budget-Summary-for-the-FY-2024-25.pdf,yes,data/chunks/budget_summary_for_the_fy_2024_25.jsonl
Finance,Budget-Summary-for-the-FY-2025-26F.pdf,data/raw/Budget-Summary-for-the-FY-2025-26F.pdf,yes,data/chunks/budget_summary_for_the_fy_2025_26f.jsonl
Agriculture,Bulletin-2016-Fisheries.pdf,data/raw/Bulletin-2016-Fisheries.pdf,no,
Education,CBA-Age-Based-Regular-Framework.pdf,data/raw/CBA-Age-Based-Regular-Framework.pdf,no,
Finance,"CBK_16th Monetary Policy Committee Report, April 2016.pdf","data/raw/CBK_16th Monetary Policy Committee Report, April 2016.pdf",no,
Finance,"CBK_17th Monetary Policy Committee Report, October 2016.pdf","data/raw/CBK_17th Monetary Policy Committee Report, October 2016.pdf",no,
Finance,"CBK_18th Monetary Policy Committee Report, April 2017.pdf","data/raw/CBK_18th Monetary Policy Committee Report, April 2017.pdf",no,
Finance,"CBK_19th Monetary Policy Committee Report, October 2017.pdf","data/raw/CBK_19th Monetary Policy Committee Report, October 2017.pdf",no,
Finance,CBK_2017 Annual Report.pdf,data/raw/CBK_2017 Annual Report.pdf,yes,data/chunks/cbk_2017_annual_report.jsonl
Finance,CBK_2018 Annual Report.pdf,data/raw/CBK_2018 Annual Report.pdf,yes,data/chunks/cbk_2018_annual_report.jsonl
Finance,CBK_2019 Annual Report.pdf,data/raw/CBK_2019 Annual Report.pdf,yes,data/chunks/cbk_2019_annual_report.jsonl
Finance,CBK_2020 Annual Report.pdf,data/raw/CBK_2020 Annual Report.pdf,yes,data/chunks/cbk_2020_annual_report.jsonl
Finance,CBK_2022 Annual Report.pdf,data/raw/CBK_2022 Annual Report.pdf,yes,data/chunks/cbk_2022_annual_report.jsonl
Finance,CBK_2023 Annual Report.pdf,data/raw/CBK_2023 Annual Report.pdf,yes,data/chunks/cbk_2023_annual_report.jsonl
Finance,CBK_2024 Annual Report.pdf,data/raw/CBK_2024 Annual Report.pdf,yes,data/chunks/cbk_2024_annual_report.jsonl
Finance,CBK_2025 Annual Report.pdf,data/raw/CBK_2025 Annual Report.pdf,yes,data/chunks/cbk_2025_annual_report.jsonl
Finance,"CBK_20th Monetary Policy Committee Report, April 2018.pdf","data/raw/CBK_20th Monetary Policy Committee Report, April 2018.pdf",no,
Finance,"CBK_21st Monetary Policy Committee Report, October 2018.pdf","data/raw/CBK_21st Monetary Policy Committee Report, October 2018.pdf",no,
Finance,"CBK_22nd Monetary Policy Committee Report, April 2019.pdf","data/raw/CBK_22nd Monetary Policy Committee Report, April 2019.pdf",no,
Finance,"CBK_23rd Monetary Policy Committee Report, October 2019.pdf","data/raw/CBK_23rd Monetary Policy Committee Report, October 2019.pdf",no,
Finance,"CBK_24th Monetary Policy Committee Report, April 2020.pdf","data/raw/CBK_24th Monetary Policy Committee Report, April 2020.pdf",no,
Finance,"CBK_25th Monetary Policy Committee Report, October 2020.pdf","data/raw/CBK_25th Monetary Policy Committee Report, October 2020.pdf",no,
Finance,CBK_26thMPC2021.pdf,data/raw/CBK_26thMPC2021.pdf,yes,data/chunks/cbk_26thmpc2021.jsonl
Finance,CBK_28th Bi-Annual Report of the MPC April 2022.pdf,data/raw/CBK_28th Bi-Annual Report of the MPC April 2022.pdf,yes,data/chunks/cbk_28th_bi_annual_report_of_the_mpc_april_2022.jsonl
Finance,CBK_29th Monetary Policy Committee Report.pdf,data/raw/CBK_29th Monetary Policy Committee Report.pdf,yes,data/chunks/cbk_29th_monetary_policy_committee_report.jsonl
Finance,"CBK_30th Monetary Policy Committee Report, April 2023.pdf","data/raw/CBK_30th Monetary Policy Committee Report, April 2023.pdf",no,
Finance,CBK_31st MPC Report October 2023.pdf,data/raw/CBK_31st MPC Report October 2023.pdf,yes,data/chunks/cbk_31st_mpc_report_october_2023.jsonl
Finance,"CBK_33rd MPC Report, October 2024.pdf","data/raw/CBK_33rd MPC Report, October 2024.pdf",no,
Finance,CBK_34th.pdf,data/raw/CBK_34th.pdf,yes,data/chunks/cbk_34th.jsonl
Finance,CBK_35th MPC Report October 2025 Dec 22 2025.pdf,data/raw/CBK_35th MPC Report October 2025 Dec 22 2025.pdf,yes,data/chunks/cbk_35th_mpc_report_october_2025_dec_22_2025.jsonl
Finance,"CBK_43rd Monetary Policy Statement, December 2018.pdf","data/raw/CBK_43rd Monetary Policy Statement, December 2018.pdf",no,
Finance,CBK_Annual Report 2015 16 (book).pdf,data/raw/CBK_Annual Report 2015 16 (book).pdf,no,
Finance,CBK_Annual Report 2020-2021.pdf,data/raw/CBK_Annual Report 2020-2021.pdf,yes,data/chunks/cbk_annual_report_2020_2021.jsonl
Finance,CBK_FSR 2023_published.pdf,data/raw/CBK_FSR 2023_published.pdf,yes,data/chunks/cbk_fsr_2023_published.jsonl
Finance,CBK_FSR 2024 Sept. Final 2025.pdf,data/raw/CBK_FSR 2024 Sept. Final 2025.pdf,no,
Finance,CBK_FSR July 2022_revised for printing.pdf,data/raw/CBK_FSR July 2022_revised for printing.pdf,yes,data/chunks/cbk_fsr_july_2022_revised_for_printing.jsonl
Finance,CBK_Kenya Financial Sector Stability Report 2016.pdf,data/raw/CBK_Kenya Financial Sector Stability Report 2016.pdf,yes,data/chunks/cbk_kenya_financial_sector_stability_report_2016.jsonl
Finance,CBK_Kenya Financial Sector Stability Report 2017.pdf,data/raw/CBK_Kenya Financial Sector Stability Report 2017.pdf,no,
Finance,CBK_Kenya Financial Sector Stability Report 2018.pdf,data/raw/CBK_Kenya Financial Sector Stability Report 2018.pdf,no,
Finance,CBK_Kenya Financial Sector Stability Report 2020.pdf,data/raw/CBK_Kenya Financial Sector Stability Report 2020.pdf,no,
Finance,"CB_32nd Monetary Policy Committee Report, April 2024.pdf","data/raw/CB_32nd Monetary Policy Committee Report, April 2024.pdf",no,
Finance,CNK_2016 Annual Report.pdf,data/raw/CNK_2016 Annual Report.pdf,yes,data/chunks/cnk_2016_annual_report.jsonl
Agriculture,Catalogue-Breeds-Published-Version.pdf,data/raw/Catalogue-Breeds-Published-Version.pdf,no,
Finance,Draft 2020 Budget Review and Outlook Paper_compressed.pdf,data/raw/Draft 2020 Budget Review and Outlook Paper_compressed.pdf,yes,data/chunks/draft_2020_budget_review_and_outlook_paper_compressed.jsonl
Finance,Draft-2022-Budget-Review-and-Outlook-Paper.pdf,data/raw/Draft-2022-Budget-Review-and-Outlook-Paper.pdf,yes,data/chunks/draft_2022_budget_review_and_outlook_paper.jsonl
Finance,Economic-Survey-2021.pdf,data/raw/Economic-Survey-2021.pdf,yes,data/chunks/economic_survey_2021.jsonl
Infastructure,Environment-and-Social-Commitment-Plan-ESCP-for-GREEN-Phase-2-Project.pdf,data/raw/Environment-and-Social-Commitment-Plan-ESCP-for-GREEN-Phase-2-Project.pdf,no,
Finance,Estimates-of-Revenue-Grants-and-Loans-for-the-FY-2024-25-Budget-pure tables.pdf,data/raw/Estimates-of-Revenue-Grants-and-Loans-for-the-FY-2024-25-Budget-pure tables.pdf,yes,data/chunks/estimates_of_revenue_grants_and_loans_for_the_fy_2024_25_budget_pure_tables.jsonl
Finance,Estimates-of-Revenue-Grants-and-Loans-for-the-FY-2025-26-Budget-pure tables.pdf,data/raw/Estimates-of-Revenue-Grants-and-Loans-for-the-FY-2025-26-Budget-pure tables.pdf,no,
Finance,Estimates-of-RevenueGrants-and-Loans-for-FY2022-23-pure tables.pdf,data/raw/Estimates-of-RevenueGrants-and-Loans-for-FY2022-23-pure tables.pdf,yes,data/chunks/estimates_of_revenuegrants_and_loans_for_fy2022_23_pure_tables.jsonl
Education,FY-2018-2019-Audited-Annual-Report.pdf,data/raw/FY-2018-2019-Audited-Annual-Report.pdf,no,
Education,FY-2019_2020-Audited-Annual-Report.pdf,data/raw/FY-2019_2020-Audited-Annual-Report.pdf,no,
Education,FY-2021-2022-Audite-KNEC-Annual-Report.pdf,data/raw/FY-2021-2022-Audite-KNEC-Annual-Report.pdf,no,
Agriculture,FY-2022-2023-AAnnual-Report-KALRO.pdf,data/raw/FY-2022-2023-AAnnual-Report-KALRO.pdf,no,
Infastructure,FY-2023-2024-Annual-Report.pdf,data/raw/FY-2023-2024-Annual-Report.pdf,no,
Infastructure,FY-2023-2024-Energy-and-Petroleum-Statistics-Report.pdf,data/raw/FY-2023-2024-Energy-and-Petroleum-Statistics-Report.pdf,no,
Infastructure,FY-2024-2025-Annual-Report-KERRA.pdf,data/raw/FY-2024-2025-Annual-Report-KERRA.pdf,no,
Education,FY-2024-25-Report.pdf,data/raw/FY-2024-25-Report.pdf,no,
Education,FY-2024-Program-Based-Budget-Book.pdf,data/raw/FY-2024-Program-Based-Budget-Book.pdf,no,
AntiCorruption,FY-Annual-Report-PPRA.pdf,data/raw/FY-Annual-Report-PPRA.pdf,no,
Infastructure,FY24-Annual-KURA-Report.pdf,data/raw/FY24-Annual-KURA-Report.pdf,no,
Agriculture,Field-Guide-Water-Harvesting.pdf,data/raw/Field-Guide-Water-Harvesting.pdf,no,
Finance,Final Annual NGBIRR FY 2022.23.pdf,data/raw/Final Annual NGBIRR FY 2022.23.pdf,yes,data/chunks/final_annual_ngbirr_fy_2022_23.jsonl
Finance,Final-Estimates-of-Revenue-Grants-and-Loans-FY-2023-24-pure tables.pdf,data/raw/Final-Estimates-of-Revenue-Grants-and-Loans-FY-2023-24-pure tables.pdf,yes,data/chunks/final_estimates_of_revenue_grants_and_loans_fy_2023_24_pure_tables.jsonl
Finance,Finance Act 2016.pdf,data/raw/Finance Act 2016.pdf,yes,data/chunks/finance_act_2016.jsonl
Finance,Finance Act 2017.pdf,data/raw/Finance Act 2017.pdf,yes,data/chunks/finance_act_2017.jsonl
Finance,Finance Act 2019.pdf,data/raw/Finance Act 2019.pdf,yes,data/chunks/finance_act_2019.jsonl
Finance,Finance Act 2020.pdf,data/raw/Finance Act 2020.pdf,yes,data/chunks/finance_act_2020.jsonl
Finance,Finance Act 2021.pdf,data/raw/Finance Act 2021.pdf,yes,data/chunks/finance_act_2021.jsonl
Finance,Finance--Act-2022.pdf,data/raw/Finance--Act-2022.pdf,no,
Finance,FinanceActNo10of2018.pdf,data/raw/FinanceActNo10of2018.pdf,yes,data/chunks/financeactno10of2018.jsonl
Finance,First Half NGBIRR FY 23-24 - COB final 13.3.14.pdf,data/raw/First Half NGBIRR FY 23-24 - COB final 13.3.14.pdf,no,
Finance,IMF -2018.pdf,data/raw/IMF -2018.pdf,no,
Finance,IMF-2021.pdf,data/raw/IMF-2021.pdf,yes,data/chunks/imf_2021.jsonl
Finance,IMF-2023.pdf,data/raw/IMF-2023.pdf,yes,data/chunks/imf_2023.jsonl
ICT,Invest-Kenya-Policy-Sector-Pack.pdf,data/raw/Invest-Kenya-Policy-Sector-Pack.pdf,no,
ICT,Jan-Mar2023-KICTANet-Spotlight-Report.pdf,data/raw/Jan-Mar2023-KICTANet-Spotlight-Report.pdf,no,
Finance,KRA-8TH-CORPORATE-PLAN-.pdf,data/raw/KRA-8TH-CORPORATE-PLAN-.pdf,no,
Finance,Kenya-Economic-Update-18-FINAL World bank.pdf,data/raw/Kenya-Economic-Update-18-FINAL World bank.pdf,yes,data/chunks/kenya_economic_update_18_final_world_bank.jsonl
Infastructure,Kenya-Leading-Economic-Indicators-December-2025.pdf,data/raw/Kenya-Leading-Economic-Indicators-December-2025.pdf,no,
Infastructure,LMP-for-Kenya-GREEN-MPA-Phase-2-P180465.pdf,data/raw/LMP-for-Kenya-GREEN-MPA-Phase-2-P180465.pdf,no,
Finance,Medium-Term-Debt-Management-Strategy-2017.pdf,data/raw/Medium-Term-Debt-Management-Strategy-2017.pdf,yes,data/chunks/medium_term_debt_management_strategy_2017.jsonl
Finance,Medium-Term-Debt-Management-Strategy-2018.pdf,data/raw/Medium-Term-Debt-Management-Strategy-2018.pdf,no,
Finance,Medium-Term-Debt-Management-Strategy-2019.pdf,data/raw/Medium-Term-Debt-Management-Strategy-2019.pdf,no,
Finance,Medium-Term-Debt-Management-Strategy-2020.pdf,data/raw/Medium-Term-Debt-Management-Strategy-2020.pdf,yes,data/chunks/medium_term_debt_management_strategy_2020.jsonl
Finance,Medium-Term-Debt-Management-Strategy-2022.pdf,data/raw/Medium-Term-Debt-Management-Strategy-2022.pdf,no,
Finance,Medium-Term-Debt-Management-Strategy-2023.pdf,data/raw/Medium-Term-Debt-Management-Strategy-2023.pdf,no,
Finance,Medium-Term-Debt-Management-Strategy-Draft-2025.pdf,data/raw/Medium-Term-Debt-Management-Strategy-Draft-2025.pdf,yes,data/chunks/medium_term_debt_management_strategy_draft_2025.jsonl
ICT,Mobile-Payments-Bill-Report.pdf,data/raw/Mobile-Payments-Bill-Report.pdf,no,
ICT,Mobile-Payments-Bill.pdf,data/raw/Mobile-Payments-Bill.pdf,no,
Finance,NATIONAL-BOOK-web-1.pdf,data/raw/NATIONAL-BOOK-web-1.pdf,yes,data/chunks/national_book_web_1.jsonl
Finance,NATIONAL-GOVERNMENT-AUDIT-REPORT-2019-2020.pdf,data/raw/NATIONAL-GOVERNMENT-AUDIT-REPORT-2019-2020.pdf,yes,data/chunks/national_government_audit_report_2019_2020.jsonl
Finance,NATIONAL-GOVERNMENT-AUDIT-REPORT-2020-2021.pdf,data/raw/NATIONAL-GOVERNMENT-AUDIT-REPORT-2020-2021.pdf,yes,data/chunks/national_government_audit_report_2020_2021.jsonl
Finance,NATIONAL-GOVERNMENT-BOOK-2021-FEB.pdf,data/raw/NATIONAL-GOVERNMENT-BOOK-2021-FEB.pdf,yes,data/chunks/national_government_book_2021_feb.jsonl
Finance,NATIONAL-GOVERNMENT-BUDGET-IMPLEMENTATION-REVIEW-REPORT-FIRST-QUARTER-FY-2020-21.pdf,data/raw/NATIONAL-GOVERNMENT-BUDGET-IMPLEMENTATION-REVIEW-REPORT-FIRST-QUARTER-FY-2020-21.pdf,yes,data/chunks/national_government_budget_implementation_review_report_first_quarter_fy_2020_21.jsonl
Finance,NATIONAL-GOVERNMENT-OCT-WEBSITE-1.pdf,data/raw/NATIONAL-GOVERNMENT-OCT-WEBSITE-1.pdf,yes,data/chunks/national_government_oct_website_1.jsonl
Finance,NATIONAL-GOVERNMENT-OCT-WEBSITE.pdf,data/raw/NATIONAL-GOVERNMENT-OCT-WEBSITE.pdf,yes,data/chunks/national_government_oct_website.jsonl
Finance,NG-Annual-BIRR-FY-2019-20.pdf,data/raw/NG-Annual-BIRR-FY-2019-20.pdf,yes,data/chunks/ng_annual_birr_fy_2019_20.jsonl
Finance,NGBIRR Book Report May 2025 a.pdf,data/raw/NGBIRR Book Report May 2025 a.pdf,yes,data/chunks/ngbirr_book_report_may_2025_a.jsonl
Finance,NGBIRR FIRST HALF FY 2022-23.pdf,data/raw/NGBIRR FIRST HALF FY 2022-23.pdf,yes,data/chunks/ngbirr_first_half_fy_2022_23.jsonl
Finance,NGBIRR Final - Annual Report FY 2023-24-1.pdf,data/raw/NGBIRR Final - Annual Report FY 2023-24-1.pdf,no,
Finance,NGBIRR First Three Months FY202223.pdf,data/raw/NGBIRR First Three Months FY202223.pdf,yes,data/chunks/ngbirr_first_three_months_fy202223.jsonl
Finance,NGBIRR for First-Six Months of FY 2024-28.2..25 draft.pdf,data/raw/NGBIRR for First-Six Months of FY 2024-28.2..25 draft.pdf,yes,data/chunks/ngbirr_for_first_six_months_of_fy_2024_28_2__25_draft.jsonl
Finance,NGBIRR for First-Six Months of FY 2025-26.pdf,data/raw/NGBIRR for First-Six Months of FY 2025-26.pdf,yes,data/chunks/ngbirr_for_first_six_months_of_fy_2025_26.jsonl
Finance,NGBIRR for First-Three Months of FY 2025-26 b.pdf,data/raw/NGBIRR for First-Three Months of FY 2025-26 b.pdf,yes,data/chunks/ngbirr_for_first_three_months_of_fy_2025_26_b.jsonl
Finance,National-Book-2022-website.pdf,data/raw/National-Book-2022-website.pdf,yes,data/chunks/national_book_2022_website.jsonl
Finance,National-Budget-May-2021-web-1.pdf,data/raw/National-Budget-May-2021-web-1.pdf,yes,data/chunks/national_budget_may_2021_web_1.jsonl
Agriculture,National-Irrigation-Authority-Annual-Report.pdf,data/raw/National-Irrigation-Authority-Annual-Report.pdf,no,
Finance,National-Report-Book-May-2019-web.pdf,data/raw/National-Report-Book-May-2019-web.pdf,yes,data/chunks/national_report_book_may_2019_web.jsonl
Finance,Office of the Controller of Budget;.pdf,data/raw/Office of the Controller of Budget;.pdf,no,
AntiCorruption,OfficeoftheDirectorofPublicProsecutions-Report-No2-2013.pdf,data/raw/OfficeoftheDirectorofPublicProsecutions-Report-No2-2013.pdf,no,
Finance,PUBLIC-KenyaEconomicUpdateFINAL World bank.pdf,data/raw/PUBLIC-KenyaEconomicUpdateFINAL World bank.pdf,yes,data/chunks/public_kenyaeconomicupdatefinal_world_bank.jsonl
ICT,Q2_2025_Spotlight_Report.pdf,data/raw/Q2_2025_Spotlight_Report.pdf,no,
Infastructure,RDM-1.2-Traffic-Surveys.pdf,data/raw/RDM-1.2-Traffic-Surveys.pdf,no,
Infastructure,RDM-Annual-Report-Materials-Field-and-Laboratory-Testing.pdf,data/raw/RDM-Annual-Report-Materials-Field-and-Laboratory-Testing.pdf,no,
Finance,REPORT ON THE CONTROLLER OF BUDGET ANNUAL COUNTY GOVERNMENTS  BUDGET IMPLEMENTATION REVIEW FOR FINANCIAL YEAR 2017-18.pdf,data/raw/REPORT ON THE CONTROLLER OF BUDGET ANNUAL COUNTY GOVERNMENTS  BUDGET IMPLEMENTATION REVIEW FOR FINANCIAL YEAR 2017-18.pdf,yes,data/chunks/report_on_the_controller_of_budget_annual_county_governments__budget_implementation_review_for_financial_year_2017_18.jsonl
Finance,REPORT-OF-THE-AUDITOR-GENERAL-FOR-THE-NATIONAL-GOVERNMENT-2018-2019.pdf,data/raw/REPORT-OF-THE-AUDITOR-GENERAL-FOR-THE-NATIONAL-GOVERNMENT-2018-2019.pdf,yes,data/chunks/report_of_the_auditor_general_for_the_national_government_2018_2019.jsonl
Finance,REVENUE-GRANTS-AND-LOANS-ESTIMATES-FINAL-pure tables.pdf,data/raw/REVENUE-GRANTS-AND-LOANS-ESTIMATES-FINAL-pure tables.pdf,yes,data/chunks/revenue_grants_and_loans_estimates_final_pure_tables.jsonl
Finance,Revenue-Performance-Report-2018-19.pdf,data/raw/Revenue-Performance-Report-2018-19.pdf,yes,data/chunks/revenue_performance_report_2018_19.jsonl
Infastructure,SUCCESS-STORIES-Kosap-Site.pdf,data/raw/SUCCESS-STORIES-Kosap-Site.pdf,no,
Finance,SUMMARY-REPORT-2019-2020.pdf,data/raw/SUMMARY-REPORT-2019-2020.pdf,yes,data/chunks/summary_report_2019_2020.jsonl
Finance,SUMMARY-REPORT-OF-THE-AUDITOR-GENERAL-ON-NATIONAL-GOVERNMENT-2021-2022.pdf,data/raw/SUMMARY-REPORT-OF-THE-AUDITOR-GENERAL-ON-NATIONAL-GOVERNMENT-2021-2022.pdf,yes,data/chunks/summary_report_of_the_auditor_general_on_national_government_2021_2022.jsonl
Finance,September-book-2022.pdf,data/raw/September-book-2022.pdf,yes,data/chunks/september_book_2022.jsonl
Finance,Statistical-Annex-to-the-Budget-Speech-2017-2018-pure tables.pdf,data/raw/Statistical-Annex-to-the-Budget-Speech-2017-2018-pure tables.pdf,yes,data/chunks/statistical_annex_to_the_budget_speech_2017_2018_pure_tables.jsonl
Finance,Statistical-Annex-to-the-Budget-Statement-for-FY-2020-21-pure tables.pdf,data/raw/Statistical-Annex-to-the-Budget-Statement-for-FY-2020-21-pure tables.pdf,yes,data/chunks/statistical_annex_to_the_budget_statement_for_fy_2020_21_pure_tables.jsonl
Finance,Statistical-Annex-to-the-Budget-Statement-for-FY-2025-26-pure tables.pdf,data/raw/Statistical-Annex-to-the-Budget-Statement-for-FY-2025-26-pure tables.pdf,no,
Finance,Statistical-Annex-to-the-Budget-Statement-for-the-FY-2022-23-pure tables.pdf,data/raw/Statistical-Annex-to-the-Budget-Statement-for-the-FY-2022-23-pure tables.pdf,no,
Finance,Statistical-Annex-to-the-Budget-Statement-for-the-FY-2024-25-pure tables.pdf,data/raw/Statistical-Annex-to-the-Budget-Statement-for-the-FY-2024-25-pure tables.pdf,no,
Finance,Summary of the Report of the Auditor-General on the Financial Statements for National Government for the Year 2016 2017.pdf,data/raw/Summary of the Report of the Auditor-General on the Financial Statements for National Government for the Year 2016 2017.pdf,yes,data/chunks/summary_of_the_report_of_the_auditor_general_on_the_financial_statements_for_national_government_for_the_year_2016_2017.jsonl
Finance,TAX-EXPENDITURE-REPORT-TER-2024.pdf,data/raw/TAX-EXPENDITURE-REPORT-TER-2024.pdf,yes,data/chunks/tax_expenditure_report_ter_2024.jsonl
Finance,The Finance Bill 2025.pdf,data/raw/The Finance Bill 2025.pdf,yes,data/chunks/the_finance_bill_2025.jsonl
Finance,The-2024-Budget-Policy-Statement.pdf,data/raw/The-2024-Budget-Policy-Statement.pdf,yes,data/chunks/the_2024_budget_policy_statement.jsonl
Finance,The-9th-Corporate-Plan.pdf,data/raw/The-9th-Corporate-Plan.pdf,yes,data/chunks/the_9th_corporate_plan.jsonl
Finance,The-Finance-Act--2023.pdf,data/raw/The-Finance-Act--2023.pdf,no,
Finance,TheConstitutionOfKenya.pdf,data/raw/TheConstitutionOfKenya.pdf,yes,data/chunks/theconstitutionofkenya.jsonl
Finance,TheFinanceBill_2024.pdf,data/raw/TheFinanceBill_2024.pdf,yes,data/chunks/thefinancebill_2024.jsonl
ICT,VF-Implementation-of-the-Ajira-Digital-Program_Report.pdf,data/raw/VF-Implementation-of-the-Ajira-Digital-Program_Report.pdf,no,
Finance,World bank-2024.pdf,data/raw/World bank-2024.pdf,yes,data/chunks/world_bank_2024.jsonl
Infastructure,financialstatements-2019-2020.pdf,data/raw/financialstatements-2019-2020.pdf,no,
