agent,original_filename,filepath,size_kb,flags
Education,2022-KCSE-EXAMINATION-ESSENTIAL-STATISTICS.pdf,/home/darwin/PRES/Executive/Education/data/raw/2022-KCSE-EXAMINATION-ESSENTIAL-STATISTICS.pdf,551.9,ALL_CAPS
Education,2025-KCSE-EXAMINATION-ESSENTIAL-STATISTICS.pdf,/home/darwin/PRES/Executive/Education/data/raw/2025-KCSE-EXAMINATION-ESSENTIAL-STATISTICS.pdf,526.1,ALL_CAPS
Education,2025-KJSEA-ESSENTIAL-STATISTICS.pdf,/home/darwin/PRES/Executive/Education/data/raw/2025-KJSEA-ESSENTIAL-STATISTICS.pdf,847.3,ALL_CAPS
Education,Audited-Financial-Statements-2021-2022.pdf,/home/darwin/PRES/Executive/Education/data/raw/Audited-Financial-Statements-2021-2022.pdf,29021.2,
Education,BASIC-EDUCATION-CURRICULUM-FRAMEWORK-2019.pdf,/home/darwin/PRES/Executive/Education/data/raw/BASIC-EDUCATION-CURRICULUM-FRAMEWORK-2019.pdf,2954.6,ALL_CAPS
Education,BasicEducationActNo_14of2013.pdf,/home/darwin/PRES/Executive/Education/data/raw/BasicEducationActNo_14of2013.pdf,714.9,
Education,CBA-Age-Based-Regular-Framework.pdf,/home/darwin/PRES/Executive/Education/data/raw/CBA-Age-Based-Regular-Framework.pdf,459.7,
Education,EDUCATION-SECTOR-REPORT-FY-2024-25-2026-27.pdf,/home/darwin/PRES/Executive/Education/data/raw/EDUCATION-SECTOR-REPORT-FY-2024-25-2026-27.pdf,931.3,ALL_CAPS
Education,EDUCATION-SECTORframework2425-2627.pdf,/home/darwin/PRES/Executive/Education/data/raw/EDUCATION-SECTORframework2425-2627.pdf,5539.1,
Education,FINAL-Education-Sector-Report-2025-13.11.2025-1247-HRS.pdf,/home/darwin/PRES/Executive/Education/data/raw/FINAL-Education-Sector-Report-2025-13.11.2025-1247-HRS.pdf,5807.5,
Education,FY-2024-25-Program-Based-Budget-Book.pdf,/home/darwin/PRES/Executive/Education/data/raw/FY-2024-25-Program-Based-Budget-Book.pdf,19603.7,
Education,GPE 2025 results framework for Kenya.pdf,/home/darwin/PRES/Executive/Education/data/raw/GPE 2025 results framework for Kenya.pdf,779.5,HAS_SPACES
Education,KNEC-Audite-Annual-Report-FY-2021-2022.pdf,/home/darwin/PRES/Executive/Education/data/raw/KNEC-Audite-Annual-Report-FY-2021-2022.pdf,9235.1,
Education,KNEC-Audited-Annual-Report-FY-2019_2020.pdf,/home/darwin/PRES/Executive/Education/data/raw/KNEC-Audited-Annual-Report-FY-2019_2020.pdf,6166.9,
Education,KNEC-Audited-Annual-report-FY-2018-2019.pdf,/home/darwin/PRES/Executive/Education/data/raw/KNEC-Audited-Annual-report-FY-2018-2019.pdf,5634.0,
Education,KNEC-Strategic-Plan-2023-2027-Fina-Printed_compressed.pdf,/home/darwin/PRES/Executive/Education/data/raw/KNEC-Strategic-Plan-2023-2027-Fina-Printed_compressed.pdf,2781.1,
Education,Kenya-Education-Sector-Report-2024.pdf,/home/darwin/PRES/Executive/Education/data/raw/Kenya-Education-Sector-Report-2024.pdf,5523.3,
Education,NASMLA-Grade-3-Study-1.pdf,/home/darwin/PRES/Executive/Education/data/raw/NASMLA-Grade-3-Study-1.pdf,3378.5,
Education,NG-CDF-Newsletter-Q2-6.pdf,/home/darwin/PRES/Executive/Education/data/raw/NG-CDF-Newsletter-Q2-6.pdf,16958.7,
Education,National-Government-Constituency-Development-Funds-NGCDF-2023-2024.pdf,/home/darwin/PRES/Executive/Education/data/raw/National-Government-Constituency-Development-Funds-NGCDF-2023-2024.pdf,3391.0,
Education,National-curriculum-policy-revised-on-may-9-2019.pdf,/home/darwin/PRES/Executive/Education/data/raw/National-curriculum-policy-revised-on-may-9-2019.pdf,2110.8,
Education,"Report of the Auditor-General on National Government Constituencies Development Fund-Olkalau Constituency for the Year Ended 30 June,2025.pdf","/home/darwin/PRES/Executive/Education/data/raw/Report of the Auditor-General on National Government Constituencies Development Fund-Olkalau Constituency for the Year Ended 30 June,2025.pdf",64455.2,HAS_SPACES
Education,Special-Audit-Report-on-Capitation-and-Infrastructure-Grants-in-Schools-2025.pdf,/home/darwin/PRES/Executive/Education/data/raw/Special-Audit-Report-on-Capitation-and-Infrastructure-Grants-in-Schools-2025.pdf,13586.0,
Education,TASKFORCE-REPORT-CHANGES-ACCEPTED-2021.pdf,/home/darwin/PRES/Executive/Education/data/raw/TASKFORCE-REPORT-CHANGES-ACCEPTED-2021.pdf,6939.3,ALL_CAPS
Education,kenya_education_act211.pdf,/home/darwin/PRES/Executive/Education/data/raw/kenya_education_act211.pdf,586.3,
Education,kesp2005_2010.pdf,/home/darwin/PRES/Executive/Education/data/raw/kesp2005_2010.pdf,2169.3,
Education,nationaleducationsectstrategic plan-2018-2022.pdf,/home/darwin/PRES/Executive/Education/data/raw/nationaleducationsectstrategic plan-2018-2022.pdf,5427.8,HAS_SPACES
Agriculture,1.-Final-FSRP-ESMF-October-2023.pdf,/home/darwin/PRES/Executive/Agriculture/data/raw/1.-Final-FSRP-ESMF-October-2023.pdf,2903.6,
Agriculture,2.-Final-FSRP-VMGF-october-2023.pdf,/home/darwin/PRES/Executive/Agriculture/data/raw/2.-Final-FSRP-VMGF-october-2023.pdf,826.3,
Agriculture,2024-25-Kenya-Census-of-Agriculture-Pilot-Survey_1.pdf,/home/darwin/PRES/Executive/Agriculture/data/raw/2024-25-Kenya-Census-of-Agriculture-Pilot-Survey_1.pdf,3818.8,
Agriculture,3-Final-FSRP-RPF-october-2023.pdf,/home/darwin/PRES/Executive/Agriculture/data/raw/3-Final-FSRP-RPF-october-2023.pdf,1602.9,
Agriculture,5.-Final-FSRP-SMP-October-2023.pdf,/home/darwin/PRES/Executive/Agriculture/data/raw/5.-Final-FSRP-SMP-October-2023.pdf,1031.3,
Agriculture,6.-Final-FSRP-LMP-october-2023.pdf,/home/darwin/PRES/Executive/Agriculture/data/raw/6.-Final-FSRP-LMP-october-2023.pdf,1132.1,
Agriculture,7.-Final-FSRP-SEAH-october-2023.pdf,/home/darwin/PRES/Executive/Agriculture/data/raw/7.-Final-FSRP-SEAH-october-2023.pdf,562.2,
Agriculture,AFA-SECOND-QUARTER-E-BULLETIN-2024-25.pdf,/home/darwin/PRES/Executive/Agriculture/data/raw/AFA-SECOND-QUARTER-E-BULLETIN-2024-25.pdf,3758.1,ALL_CAPS
Agriculture,ANNUAL REPORT FCRI 2022-23.pdf,/home/darwin/PRES/Executive/Agriculture/data/raw/ANNUAL REPORT FCRI 2022-23.pdf,3529.5,ALL_CAPS|HAS_SPACES
Agriculture,ASTGS-Full-Version-1.pdf,/home/darwin/PRES/Executive/Agriculture/data/raw/ASTGS-Full-Version-1.pdf,11910.7,
Agriculture,Agricultural Biotechnology Annual_Nairobi_Kenya_12-21-2016.pdf,/home/darwin/PRES/Executive/Agriculture/data/raw/Agricultural Biotechnology Annual_Nairobi_Kenya_12-21-2016.pdf,346.4,HAS_SPACES
Agriculture,Agricultural-Finance-Corporation-1.pdf,/home/darwin/PRES/Executive/Agriculture/data/raw/Agricultural-Finance-Corporation-1.pdf,2975.0,
Agriculture,Agricultural-Finance-Corporationauditor general.pdf,/home/darwin/PRES/Executive/Agriculture/data/raw/Agricultural-Finance-Corporationauditor general.pdf,1749.8,HAS_SPACES
Agriculture,Animal-Disease-Act-Fees-and-Payments.pdf,/home/darwin/PRES/Executive/Agriculture/data/raw/Animal-Disease-Act-Fees-and-Payments.pdf,552.3,
Agriculture,Avocado _Nairobi_Kenya_KE2025-0001.pdf,/home/darwin/PRES/Executive/Agriculture/data/raw/Avocado _Nairobi_Kenya_KE2025-0001.pdf,672.8,HAS_SPACES
Agriculture,BRI ANNUAL REPORT 2022-2023.pdf,/home/darwin/PRES/Executive/Agriculture/data/raw/BRI ANNUAL REPORT 2022-2023.pdf,946.4,ALL_CAPS|HAS_SPACES
Agriculture,Bulletin-2016fisheries.pdf,/home/darwin/PRES/Executive/Agriculture/data/raw/Bulletin-2016fisheries.pdf,2445.2,
Agriculture,CATALOGUE-BREEDS-PUBLISHED-VERSION.pdf,/home/darwin/PRES/Executive/Agriculture/data/raw/CATALOGUE-BREEDS-PUBLISHED-VERSION.pdf,16594.8,ALL_CAPS
Agriculture,Capacity-Building-Strategy-for-the-Agricultural-Sector-2016-2021.pdf,/home/darwin/PRES/Executive/Agriculture/data/raw/Capacity-Building-Strategy-for-the-Agricultural-Sector-2016-2021.pdf,1232.4,
Agriculture,Consolidated-Summary-Report-NCCE-2023-FINAL.pdf,/home/darwin/PRES/Executive/Agriculture/data/raw/Consolidated-Summary-Report-NCCE-2023-FINAL.pdf,1253.2,
Agriculture,DRAFT-KASEP-POLICY-14.3.2022-1.pdf,/home/darwin/PRES/Executive/Agriculture/data/raw/DRAFT-KASEP-POLICY-14.3.2022-1.pdf,1099.5,ALL_CAPS
Agriculture,DRAFT-VEGETATIVELY-PROPAGATING-SEEDS-REGULATIONS-2023-For-National-Validation.pdf,/home/darwin/PRES/Executive/Agriculture/data/raw/DRAFT-VEGETATIVELY-PROPAGATING-SEEDS-REGULATIONS-2023-For-National-Validation.pdf,2324.5,
Agriculture,DRI Annual Report for 2022-2023.pdf,/home/darwin/PRES/Executive/Agriculture/data/raw/DRI Annual Report for 2022-2023.pdf,1279.6,HAS_SPACES
Agriculture,DVS-magazine-2020-A-new-dawn-at-the-directorate-of-veterinary-services.pdf,/home/darwin/PRES/Executive/Agriculture/data/raw/DVS-magazine-2020-A-new-dawn-at-the-directorate-of-veterinary-services.pdf,7167.4,
Agriculture,Dairy-Interventions-for-Mitigation-and-Adaptation-DaIMA-Funding-Proposal-Environmental-and-Social-Management-Framework.pdf,/home/darwin/PRES/Executive/Agriculture/data/raw/Dairy-Interventions-for-Mitigation-and-Adaptation-DaIMA-Funding-Proposal-Environmental-and-Social-Management-Framework.pdf,2994.6,
Agriculture,Dairy-Interventions-for-Mitigation-and-Adaptation-DaIMA-Funding-Proposal-Indigenous-Peoples-Planning-Framework.pdf,/home/darwin/PRES/Executive/Agriculture/data/raw/Dairy-Interventions-for-Mitigation-and-Adaptation-DaIMA-Funding-Proposal-Indigenous-Peoples-Planning-Framework.pdf,264.4,
Agriculture,December_2025_Monthly_weather_Forecast.pdf,/home/darwin/PRES/Executive/Agriculture/data/raw/December_2025_Monthly_weather_Forecast.pdf,836.3,
Agriculture,Draft-Fertilizers-and-Animal-Foodstuffs-Fertilizers-Regulations-2021-Draft-for-national-validation.pdf,/home/darwin/PRES/Executive/Agriculture/data/raw/Draft-Fertilizers-and-Animal-Foodstuffs-Fertilizers-Regulations-2021-Draft-for-national-validation.pdf,807.3,
Agriculture,Draft-National-Agriculture-Research-System-Policy-2021-May-25-2021.pdf,/home/darwin/PRES/Executive/Agriculture/data/raw/Draft-National-Agriculture-Research-System-Policy-2021-May-25-2021.pdf,816.2,
Agriculture,Field-Guide-1-Water-Management-for-Resilient-Livelihoods-in-Arid-Zones.pdf,/home/darwin/PRES/Executive/Agriculture/data/raw/Field-Guide-1-Water-Management-for-Resilient-Livelihoods-in-Arid-Zones.pdf,18364.3,
Agriculture,Field-Guide-2-Water-Harvesting-for-Resilient-Livelihoods-in-Semi-Arid-Zones_reduce.pdf,/home/darwin/PRES/Executive/Agriculture/data/raw/Field-Guide-2-Water-Harvesting-for-Resilient-Livelihoods-in-Semi-Arid-Zones_reduce.pdf,10682.6,
Agriculture,Field-Guide-3-Pastoral-and-Agro-pastoral-Production-in-Arid-and-semi-arid-zones.pdf,/home/darwin/PRES/Executive/Agriculture/data/raw/Field-Guide-3-Pastoral-and-Agro-pastoral-Production-in-Arid-and-semi-arid-zones.pdf,11959.0,
Agriculture,Field-Guide-4-Human-Nutrition-in-Resource-Management-in-Arid-and-Semi-Arid-Zones.pdf,/home/darwin/PRES/Executive/Agriculture/data/raw/Field-Guide-4-Human-Nutrition-in-Resource-Management-in-Arid-and-Semi-Arid-Zones.pdf,4911.2,
Agriculture,Food Crops Research Institute_ Annual Report 2024.pdf,/home/darwin/PRES/Executive/Agriculture/data/raw/Food Crops Research Institute_ Annual Report 2024.pdf,5254.6,HAS_SPACES
Agriculture,GeRRI Annual Report 2022-2023.pdf,/home/darwin/PRES/Executive/Agriculture/data/raw/GeRRI Annual Report 2022-2023.pdf,1430.3,HAS_SPACES
Agriculture,Grain and Feed Annual_Nairobi_Kenya_3-15-2016.pdf,/home/darwin/PRES/Executive/Agriculture/data/raw/Grain and Feed Annual_Nairobi_Kenya_3-15-2016.pdf,266.1,HAS_SPACES
Agriculture,HRI Annual Report 2022 2023 Final.pdf,/home/darwin/PRES/Executive/Agriculture/data/raw/HRI Annual Report 2022 2023 Final.pdf,2389.3,HAS_SPACES
Agriculture,IN-SITU_WATER_HARVESTING_TECHNOLOGIES_AND_FERTILIZ-1-2.pdf,/home/darwin/PRES/Executive/Agriculture/data/raw/IN-SITU_WATER_HARVESTING_TECHNOLOGIES_AND_FERTILIZ-1-2.pdf,240.4,ALL_CAPS
Agriculture,KALRO - AMRI Katumani Annual Report - FY 2022-2023.pdf,/home/darwin/PRES/Executive/Agriculture/data/raw/KALRO - AMRI Katumani Annual Report - FY 2022-2023.pdf,1493.7,HAS_SPACES
Agriculture,KALRO ABIRI_ANNUAL REPORT_2022-2023 .pdf,/home/darwin/PRES/Executive/Agriculture/data/raw/KALRO ABIRI_ANNUAL REPORT_2022-2023 .pdf,741.3,ALL_CAPS|HAS_SPACES
Agriculture,KALRO ICRI Annual Report 2022-2023.pdf,/home/darwin/PRES/Executive/Agriculture/data/raw/KALRO ICRI Annual Report 2022-2023.pdf,2875.5,HAS_SPACES
Agriculture,KALRO NRI 2022-2023 Annual Report.pdf,/home/darwin/PRES/Executive/Agriculture/data/raw/KALRO NRI 2022-2023 Annual Report.pdf,3691.8,HAS_SPACES
Agriculture,KALRO-TRI ANNUAL REPORT 2022-2023.pdf,/home/darwin/PRES/Executive/Agriculture/data/raw/KALRO-TRI ANNUAL REPORT 2022-2023.pdf,2356.0,ALL_CAPS|HAS_SPACES
Agriculture,KENYA-POST-HARVEST-MANAGEMENT-ON-FOOD-LOSS-AND-WASTE-REDUCTION-STRATEGY.pdf,/home/darwin/PRES/Executive/Agriculture/data/raw/KENYA-POST-HARVEST-MANAGEMENT-ON-FOOD-LOSS-AND-WASTE-REDUCTION-STRATEGY.pdf,6508.5,ALL_CAPS
Agriculture,KEPHIS_ANNUAL_REPORT_2019.pdf,/home/darwin/PRES/Executive/Agriculture/data/raw/KEPHIS_ANNUAL_REPORT_2019.pdf,18379.2,ALL_CAPS
Agriculture,Kenya-Agricultural-and-Livestock-Research-Organization-2022_2023.pdf,/home/darwin/PRES/Executive/Agriculture/data/raw/Kenya-Agricultural-and-Livestock-Research-Organization-2022_2023.pdf,18082.0,
Agriculture,Kenya-Crop-Conditions-Bulletin-August-2021-3.pdf,/home/darwin/PRES/Executive/Agriculture/data/raw/Kenya-Crop-Conditions-Bulletin-August-2021-3.pdf,22491.5,
Agriculture,Kenya-Crop-Conditions-Bulletin-August-2021.pdf,/home/darwin/PRES/Executive/Agriculture/data/raw/Kenya-Crop-Conditions-Bulletin-August-2021.pdf,22491.5,
Agriculture,Kenya-Youth-in-Agribusiness-Strategy_signed-Copy.pdf,/home/darwin/PRES/Executive/Agriculture/data/raw/Kenya-Youth-in-Agribusiness-Strategy_signed-Copy.pdf,1224.6,
Agriculture,Migratory-and-Invasive-Pests-and-Weeds-Management-Strategy-2022.pdf,/home/darwin/PRES/Executive/Agriculture/data/raw/Migratory-and-Invasive-Pests-and-Weeds-Management-Strategy-2022.pdf,12166.6,
Agriculture,Ministrys-Strategic-Plan-for-2023-2027-Final-Version-for-validation-and-Stakeholder-Engagement-19.12.2023-1.pdf,/home/darwin/PRES/Executive/Agriculture/data/raw/Ministrys-Strategic-Plan-for-2023-2027-Final-Version-for-validation-and-Stakeholder-Engagement-19.12.2023-1.pdf,1945.8,
Agriculture,NATIONAL-CASSAVA-CONFERENCE-AND-EXPO-DIGITAL-REPORT.pdf,/home/darwin/PRES/Executive/Agriculture/data/raw/NATIONAL-CASSAVA-CONFERENCE-AND-EXPO-DIGITAL-REPORT.pdf,2303.9,ALL_CAPS
Agriculture,NCPB-National-Food-ReserveRegulations-National-Validation-Copy.pdf,/home/darwin/PRES/Executive/Agriculture/data/raw/NCPB-National-Food-ReserveRegulations-National-Validation-Copy.pdf,91.4,
Agriculture,NIAstrategicplan2023_2027.pdf,/home/darwin/PRES/Executive/Agriculture/data/raw/NIAstrategicplan2023_2027.pdf,2684.8,
Agriculture,NSAFS-Facilitators-Manual-Draft-i-compressed.pdf,/home/darwin/PRES/Executive/Agriculture/data/raw/NSAFS-Facilitators-Manual-Draft-i-compressed.pdf,9999.5,
Agriculture,National-Agriculture-Production-Report-2024.pdf,/home/darwin/PRES/Executive/Agriculture/data/raw/National-Agriculture-Production-Report-2024.pdf,12108.2,
Agriculture,National-Agriculture-Production-Report-2025.pdf,/home/darwin/PRES/Executive/Agriculture/data/raw/National-Agriculture-Production-Report-2025.pdf,7405.2,
Agriculture,National-Irrigation-Authority-2022_2023.pdf,/home/darwin/PRES/Executive/Agriculture/data/raw/National-Irrigation-Authority-2022_2023.pdf,28286.3,
Agriculture,National-Livestock-Agenda-Jan-30_01_2026-Final.pdf,/home/darwin/PRES/Executive/Agriculture/data/raw/National-Livestock-Agenda-Jan-30_01_2026-Final.pdf,7085.2,
Agriculture,National_DEW_Bulletin_January_202620260217011002.pdf,/home/darwin/PRES/Executive/Agriculture/data/raw/National_DEW_Bulletin_January_202620260217011002.pdf,889.4,
Agriculture,National_Drought_Early_Warning_Bulletin_August_202520250922094134.pdf,/home/darwin/PRES/Executive/Agriculture/data/raw/National_Drought_Early_Warning_Bulletin_August_202520250922094134.pdf,526.3,
Agriculture,OND_2025_Seasonal_Weather_Forecast.pdf,/home/darwin/PRES/Executive/Agriculture/data/raw/OND_2025_Seasonal_Weather_Forecast.pdf,1786.2,
Agriculture,Public-Consultation-Documents-on-the-Draft-Seeds-and-Plant-Varieties.pdf,/home/darwin/PRES/Executive/Agriculture/data/raw/Public-Consultation-Documents-on-the-Draft-Seeds-and-Plant-Varieties.pdf,93.1,
Agriculture,Pyrethrum-Repeal-Bill-2023-July-.pdf,/home/darwin/PRES/Executive/Agriculture/data/raw/Pyrethrum-Repeal-Bill-2023-July-.pdf,169.9,
Agriculture,Q4-BULLETIN-25-FINALEagricultureandfoodauth.pdf,/home/darwin/PRES/Executive/Agriculture/data/raw/Q4-BULLETIN-25-FINALEagricultureandfoodauth.pdf,15713.6,
Agriculture,Regulatory-Impact-Assessment-RIA-2022-EDITED-18032022.pdf,/home/darwin/PRES/Executive/Agriculture/data/raw/Regulatory-Impact-Assessment-RIA-2022-EDITED-18032022.pdf,2390.2,
Agriculture,Roots-and-Tuber-Crops-Strategy-2019-2022-1.pdf,/home/darwin/PRES/Executive/Agriculture/data/raw/Roots-and-Tuber-Crops-Strategy-2019-2022-1.pdf,2731.3,
Agriculture,SRI_CONTENT_2022-23_KALRO_ANNUAL_REPORT.pdf,/home/darwin/PRES/Executive/Agriculture/data/raw/SRI_CONTENT_2022-23_KALRO_ANNUAL_REPORT.pdf,8744.0,ALL_CAPS
Agriculture,Strategic-Plan-for-MOALF-for-2018-2022.pdf,/home/darwin/PRES/Executive/Agriculture/data/raw/Strategic-Plan-for-MOALF-for-2018-2022.pdf,1774.6,
Agriculture,afa-first-quarter-e-bulletin-2023-2024.pdf,/home/darwin/PRES/Executive/Agriculture/data/raw/afa-first-quarter-e-bulletin-2023-2024.pdf,1466.2,
Agriculture,eu deforestation regulation-KH0923474ENN.pdf,/home/darwin/PRES/Executive/Agriculture/data/raw/eu deforestation regulation-KH0923474ENN.pdf,3376.6,HAS_SPACES
Agriculture,nationallandusepolicy2017.pdf,/home/darwin/PRES/Executive/Agriculture/data/raw/nationallandusepolicy2017.pdf,3866.5,
Agriculture,q4-bulletin-final.pdf,/home/darwin/PRES/Executive/Agriculture/data/raw/q4-bulletin-final.pdf,5474.5,
Agriculture,reviewed-draft-National-Agriculture-Insurance-Policy-29-04-2021-with-comments-1.pdf,/home/darwin/PRES/Executive/Agriculture/data/raw/reviewed-draft-National-Agriculture-Insurance-Policy-29-04-2021-with-comments-1.pdf,954.3,
ICT,2020-2021-Audited-Financial-Statements.pdf,/home/darwin/PRES/Executive/ICT/data/raw/2020-2021-Audited-Financial-Statements.pdf,20823.6,
ICT,2022 Kenya IGF report.pdf,/home/darwin/PRES/Executive/ICT/data/raw/2022 Kenya IGF report.pdf,2093.0,HAS_SPACES
ICT,2023-2024-Audited-Financial-Statements.pdf,/home/darwin/PRES/Executive/ICT/data/raw/2023-2024-Audited-Financial-Statements.pdf,10667.7,
ICT,2024-2025-Audited-Financial-Statements.pdf,/home/darwin/PRES/Executive/ICT/data/raw/2024-2025-Audited-Financial-Statements.pdf,19932.6,
ICT,Africa Tech Policy Summit 2025 Report.pdf,/home/darwin/PRES/Executive/ICT/data/raw/Africa Tech Policy Summit 2025 Report.pdf,20026.1,HAS_SPACES
ICT,Audience Measurement and Industry Trends Report October to December 2025.pdf,/home/darwin/PRES/Executive/ICT/data/raw/Audience Measurement and Industry Trends Report October to December 2025.pdf,898.3,HAS_SPACES
ICT,CA-Annual-Report-2022-2023.pdf,/home/darwin/PRES/Executive/ICT/data/raw/CA-Annual-Report-2022-2023.pdf,8528.9,
ICT,CA-Annual-Report-2023-2024.pdf,/home/darwin/PRES/Executive/ICT/data/raw/CA-Annual-Report-2023-2024.pdf,6267.5,
ICT,Computer Misuse and Cybercrimes.pdf,/home/darwin/PRES/Executive/ICT/data/raw/Computer Misuse and Cybercrimes.pdf,421.5,HAS_SPACES
ICT,Dalberg-Implementation-of-the-Ajira-Digital-Program_Report_VF_20211207.pdf,/home/darwin/PRES/Executive/ICT/data/raw/Dalberg-Implementation-of-the-Ajira-Digital-Program_Report_VF_20211207.pdf,23113.2,
ICT,Data Protection Act.pdf,/home/darwin/PRES/Executive/ICT/data/raw/Data Protection Act.pdf,412.3,HAS_SPACES
ICT,Draft National Addressing Bill 2023.pdf,/home/darwin/PRES/Executive/ICT/data/raw/Draft National Addressing Bill 2023.pdf,364.7,HAS_SPACES
ICT,Draft National Addressing Policy.pdf,/home/darwin/PRES/Executive/ICT/data/raw/Draft National Addressing Policy.pdf,341.1,HAS_SPACES
ICT,EAIGF-2019.pdf,/home/darwin/PRES/Executive/ICT/data/raw/EAIGF-2019.pdf,89.4,
ICT,Executive Report County ICT survey 25.08.2020.pdf,/home/darwin/PRES/Executive/ICT/data/raw/Executive Report County ICT survey 25.08.2020.pdf,3321.8,HAS_SPACES
ICT,FinAccess Household Survey Report 2024.pdf,/home/darwin/PRES/Executive/ICT/data/raw/FinAccess Household Survey Report 2024.pdf,8823.1,HAS_SPACES
ICT,Forensic Audit Report on National Optic Fibre Backbone Infrastructure and IP Based HIPATH 4000 Network Projects from the Auditor-General for August 2022.pdf,/home/darwin/PRES/Executive/ICT/data/raw/Forensic Audit Report on National Optic Fibre Backbone Infrastructure and IP Based HIPATH 4000 Network Projects from the Auditor-General for August 2022.pdf,15547.5,HAS_SPACES
ICT,Global Geopolitics and the Future of Digital Rights Funding Donor Roundtable Report May 12 2025.pdf,/home/darwin/PRES/Executive/ICT/data/raw/Global Geopolitics and the Future of Digital Rights Funding Donor Roundtable Report May 12 2025.pdf,5283.0,HAS_SPACES
ICT,Implementing-Huduma-Namba-Report-22.10.2020.pdf,/home/darwin/PRES/Executive/ICT/data/raw/Implementing-Huduma-Namba-Report-22.10.2020.pdf,3060.6,
ICT,Invest-Kenya-BPO-Sector-Pack.pdf,/home/darwin/PRES/Executive/ICT/data/raw/Invest-Kenya-BPO-Sector-Pack.pdf,4563.5,
ICT,KENYA-IGF-REPORT-2021.pdf,/home/darwin/PRES/Executive/ICT/data/raw/KENYA-IGF-REPORT-2021.pdf,9588.6,ALL_CAPS
ICT,KICTANET-2022-ANNUAL-REPORT.pdf,/home/darwin/PRES/Executive/ICT/data/raw/KICTANET-2022-ANNUAL-REPORT.pdf,2956.9,ALL_CAPS
ICT,KICTANET-State-of-ICT-Report-2017.pdf,/home/darwin/PRES/Executive/ICT/data/raw/KICTANET-State-of-ICT-Report-2017.pdf,2060.1,
ICT,KICTANet Quarterly Spotlight Report - Jan-Mar2023_compressed.pdf,/home/darwin/PRES/Executive/ICT/data/raw/KICTANet Quarterly Spotlight Report - Jan-Mar2023_compressed.pdf,1063.4,HAS_SPACES
ICT,KICTANet election observer report.pdf,/home/darwin/PRES/Executive/ICT/data/raw/KICTANet election observer report.pdf,880.9,HAS_SPACES
ICT,KICTANet-10-years-report-2007-2016.pdf,/home/darwin/PRES/Executive/ICT/data/raw/KICTANet-10-years-report-2007-2016.pdf,2426.3,
ICT,KICTANet_Annual_Report_2016.pdf,/home/darwin/PRES/Executive/ICT/data/raw/KICTANet_Annual_Report_2016.pdf,4249.8,
ICT,KIGF 2017 final V.pdf,/home/darwin/PRES/Executive/ICT/data/raw/KIGF 2017 final V.pdf,3235.3,HAS_SPACES
ICT,KIGF-2018-report.pdf,/home/darwin/PRES/Executive/ICT/data/raw/KIGF-2018-report.pdf,4052.8,
ICT,KeIGF 2023 social media Report.pdf,/home/darwin/PRES/Executive/ICT/data/raw/KeIGF 2023 social media Report.pdf,3385.8,HAS_SPACES
ICT,Kenya AI Strategy 2025 - 2030.pdf,/home/darwin/PRES/Executive/ICT/data/raw/Kenya AI Strategy 2025 - 2030.pdf,23370.4,HAS_SPACES
ICT,Kenya Digital Masterplan 2022-2032 Online Version.pdf,/home/darwin/PRES/Executive/ICT/data/raw/Kenya Digital Masterplan 2022-2032 Online Version.pdf,12064.9,HAS_SPACES
ICT,Kenya IGF report 2024.pdf,/home/darwin/PRES/Executive/ICT/data/raw/Kenya IGF report 2024.pdf,17567.4,HAS_SPACES
ICT,Kenya Internet Governance Forum 2023 Report.pdf,/home/darwin/PRES/Executive/ICT/data/raw/Kenya Internet Governance Forum 2023 Report.pdf,5793.9,HAS_SPACES
ICT,Kenya-Digital-Readiness-Study.pdf,/home/darwin/PRES/Executive/ICT/data/raw/Kenya-Digital-Readiness-Study.pdf,2176.4,
ICT,Kenya-IGF-2020-report.pdf,/home/darwin/PRES/Executive/ICT/data/raw/Kenya-IGF-2020-report.pdf,2907.6,
ICT,Kenya-Internet-Governance-Forum-Report-2016.pdf,/home/darwin/PRES/Executive/ICT/data/raw/Kenya-Internet-Governance-Forum-Report-2016.pdf,5157.4,
ICT,Kenya-youth-IGF-2021.pdf,/home/darwin/PRES/Executive/ICT/data/raw/Kenya-youth-IGF-2021.pdf,2155.7,
ICT,Kenya_Digital_Economy_2019.pdf,/home/darwin/PRES/Executive/ICT/data/raw/Kenya_Digital_Economy_2019.pdf,5250.1,
ICT,Kenya_s_Second_National_Cybersecurity_Strategy_1665382389.pdf,/home/darwin/PRES/Executive/ICT/data/raw/Kenya_s_Second_National_Cybersecurity_Strategy_1665382389.pdf,1509.7,
ICT,Konza-Technopolis-Abridged-Strategic-Plan-1.pdf,/home/darwin/PRES/Executive/ICT/data/raw/Konza-Technopolis-Abridged-Strategic-Plan-1.pdf,38818.8,
ICT,Mobile-Payments-v1.pdf,/home/darwin/PRES/Executive/ICT/data/raw/Mobile-Payments-v1.pdf,410.1,
ICT,Mobile-Payments-v2.pdf,/home/darwin/PRES/Executive/ICT/data/raw/Mobile-Payments-v2.pdf,410.1,
ICT,National E-Commerce Strategy  2023.pdf,/home/darwin/PRES/Executive/ICT/data/raw/National E-Commerce Strategy  2023.pdf,7615.2,HAS_SPACES
ICT,National-Broadband-Strategy-2023.pdf,/home/darwin/PRES/Executive/ICT/data/raw/National-Broadband-Strategy-2023.pdf,2590.7,
ICT,National-ICT-Policy-Guidelines-2020.pdf,/home/darwin/PRES/Executive/ICT/data/raw/National-ICT-Policy-Guidelines-2020.pdf,12419.6,
ICT,Report on the Advocacy Engagement on Digital Rights in Kenya and the UPR.pdf,/home/darwin/PRES/Executive/ICT/data/raw/Report on the Advocacy Engagement on Digital Rights in Kenya and the UPR.pdf,2193.2,HAS_SPACES
ICT,THE-IMPACT-OF-SMART-CITIES-ON-SUSTAINABLE-URBAN-DEVELOPMENT-Research-Paper.pdf,/home/darwin/PRES/Executive/ICT/data/raw/THE-IMPACT-OF-SMART-CITIES-ON-SUSTAINABLE-URBAN-DEVELOPMENT-Research-Paper.pdf,24823.8,
ICT,The National Addressing Bill 2023.pdf,/home/darwin/PRES/Executive/ICT/data/raw/The National Addressing Bill 2023.pdf,665.4,HAS_SPACES
ICT,The-National ICT Masterplan.pdf,/home/darwin/PRES/Executive/ICT/data/raw/The-National ICT Masterplan.pdf,2087.4,HAS_SPACES
ICT,_KICTANet - 2024 Annual Report.pdf,/home/darwin/PRES/Executive/ICT/data/raw/_KICTANet - 2024 Annual Report.pdf,27059.2,HAS_SPACES
ICT,_KICTANet Q2 2025 Spotlight Report.pdf,/home/darwin/PRES/Executive/ICT/data/raw/_KICTANet Q2 2025 Spotlight Report.pdf,25946.6,HAS_SPACES
ICT,a-Safer-Web-for-Women.pdf,/home/darwin/PRES/Executive/ICT/data/raw/a-Safer-Web-for-Women.pdf,3440.4,
ICT,digitalskillsforafricaworldbank.pdf,/home/darwin/PRES/Executive/ICT/data/raw/digitalskillsforafricaworldbank.pdf,5961.0,
ICT,globalstrategydigitalhealthwho.pdf,/home/darwin/PRES/Executive/ICT/data/raw/globalstrategydigitalhealthwho.pdf,10541.0,
ICT,kenya-IGF-report-2019.pdf,/home/darwin/PRES/Executive/ICT/data/raw/kenya-IGF-report-2019.pdf,16693.5,
ICT,ncsc-annual-review-2025.pdf,/home/darwin/PRES/Executive/ICT/data/raw/ncsc-annual-review-2025.pdf,5182.9,
Infastructure,1st-Revised-Maintenance-CAPP-2024-2025-HQS-Regions-.pdf,/home/darwin/PRES/Executive/Infastructure/data/raw/1st-Revised-Maintenance-CAPP-2024-2025-HQS-Regions-.pdf,1732.1,
Infastructure,2019-2020 ANNUAL REPORT FINAL.pdf,/home/darwin/PRES/Executive/Infastructure/data/raw/2019-2020 ANNUAL REPORT FINAL.pdf,19209.3,ALL_CAPS|HAS_SPACES
Infastructure,2020-2021- Ketraco annual report- FINAL FOR PRINTING -June 26.pdf,/home/darwin/PRES/Executive/Infastructure/data/raw/2020-2021- Ketraco annual report- FINAL FOR PRINTING -June 26.pdf,26838.4,HAS_SPACES
Infastructure,2022-2023 ANNUAL REPORT.pdf,/home/darwin/PRES/Executive/Infastructure/data/raw/2022-2023 ANNUAL REPORT.pdf,22686.6,ALL_CAPS|HAS_SPACES
Infastructure,2023-2024 KETRACO Annual Financial Report (For Web).pdf,/home/darwin/PRES/Executive/Infastructure/data/raw/2023-2024 KETRACO Annual Financial Report (For Web).pdf,13207.3,HAS_SPACES
Infastructure,23.4.25_THE_KENYA_ROADS_KENYA_NATIONAL_HIGHWAYS_AUTHORITY_GENERAL_REGULATIONS_20251-R1.pdf,/home/darwin/PRES/Executive/Infastructure/data/raw/23.4.25_THE_KENYA_ROADS_KENYA_NATIONAL_HIGHWAYS_AUTHORITY_GENERAL_REGULATIONS_20251-R1.pdf,329.6,ALL_CAPS
Infastructure,Alternative-Business-and-Partnerships-Booklet.pdf,/home/darwin/PRES/Executive/Infastructure/data/raw/Alternative-Business-and-Partnerships-Booklet.pdf,8627.8,
Infastructure,Annual Report 2016-2017.pdf,/home/darwin/PRES/Executive/Infastructure/data/raw/Annual Report 2016-2017.pdf,7241.0,HAS_SPACES
Infastructure,Annual Report 2017-2018_0.pdf,/home/darwin/PRES/Executive/Infastructure/data/raw/Annual Report 2017-2018_0.pdf,9697.8,HAS_SPACES
Infastructure,Annual Report 2018-2019_0.pdf,/home/darwin/PRES/Executive/Infastructure/data/raw/Annual Report 2018-2019_0.pdf,24631.1,HAS_SPACES
Infastructure,BUS-RAPID-TRANSPORT.pdf,/home/darwin/PRES/Executive/Infastructure/data/raw/BUS-RAPID-TRANSPORT.pdf,3945.8,ALL_CAPS
Infastructure,EPRA Energy and Petroleum Statistics Report FY 2023-2024_2.pdf,/home/darwin/PRES/Executive/Infastructure/data/raw/EPRA Energy and Petroleum Statistics Report FY 2023-2024_2.pdf,2455.0,HAS_SPACES
Infastructure,EPRA Statistics Report - January - December 2023.pdf,/home/darwin/PRES/Executive/Infastructure/data/raw/EPRA Statistics Report - January - December 2023.pdf,1575.1,HAS_SPACES
Infastructure,EPRA.Biannual Statistics Report 2025-2026_0.pdf,/home/darwin/PRES/Executive/Infastructure/data/raw/EPRA.Biannual Statistics Report 2025-2026_0.pdf,1941.1,HAS_SPACES
Infastructure,EPRA.Statistics-Report-June-2025-Web.pdf,/home/darwin/PRES/Executive/Infastructure/data/raw/EPRA.Statistics-Report-June-2025-Web.pdf,1817.4,
Infastructure,EPRABi-Annual Energy & Petroleum Statistics Report 2024_2025.pdf,/home/darwin/PRES/Executive/Infastructure/data/raw/EPRABi-Annual Energy & Petroleum Statistics Report 2024_2025.pdf,4213.9,SPECIAL_CHARS|HAS_SPACES
Infastructure,EPRAEnergy Statistics Report 2020.pdf,/home/darwin/PRES/Executive/Infastructure/data/raw/EPRAEnergy Statistics Report 2020.pdf,4510.0,HAS_SPACES
Infastructure,EPRAEnergy and Petroleum Stats Report 2022.pdf,/home/darwin/PRES/Executive/Infastructure/data/raw/EPRAEnergy and Petroleum Stats Report 2022.pdf,2793.3,HAS_SPACES
Infastructure,EPRAPetroleum-Report on LPG Depot Safety_0.pdf,/home/darwin/PRES/Executive/Infastructure/data/raw/EPRAPetroleum-Report on LPG Depot Safety_0.pdf,1234.5,HAS_SPACES
Infastructure,Energy-and-Petroleum-Biannual-Statistics-Report-July-December-2023.pdf,/home/darwin/PRES/Executive/Infastructure/data/raw/Energy-and-Petroleum-Biannual-Statistics-Report-July-December-2023.pdf,19402.0,
Infastructure,Energy-and-Petroleum-Statistics-Report.pdf,/home/darwin/PRES/Executive/Infastructure/data/raw/Energy-and-Petroleum-Statistics-Report.pdf,4560.5,
Infastructure,Environment-and-Social-Commitment-Plan-ESCP-for-GREEN-Phase-2-Project.pdf,/home/darwin/PRES/Executive/Infastructure/data/raw/Environment-and-Social-Commitment-Plan-ESCP-for-GREEN-Phase-2-Project.pdf,364.4,
Infastructure,FINAL-MAG-The-Energy-Post.pdf,/home/darwin/PRES/Executive/Infastructure/data/raw/FINAL-MAG-The-Energy-Post.pdf,16398.3,
Infastructure,IEA Kenya2024.pdf,/home/darwin/PRES/Executive/Infastructure/data/raw/IEA Kenya2024.pdf,986.9,HAS_SPACES
Infastructure,Intelligent-Transport-System.pdf,/home/darwin/PRES/Executive/Infastructure/data/raw/Intelligent-Transport-System.pdf,3953.2,
Infastructure,KERRA-Annual-Report-FY-2024-2025.pdf,/home/darwin/PRES/Executive/Infastructure/data/raw/KERRA-Annual-Report-FY-2024-2025.pdf,55219.5,
Infastructure,KPAfinancialstatement20172018.pdf,/home/darwin/PRES/Executive/Infastructure/data/raw/KPAfinancialstatement20172018.pdf,4179.3,
Infastructure,KR-Quality-Policy-Statement-2025.pdf,/home/darwin/PRES/Executive/Infastructure/data/raw/KR-Quality-Policy-Statement-2025.pdf,880.1,
Infastructure,KR-STRATEGIC-PLAN-2022-2027-FINAL2.pdf,/home/darwin/PRES/Executive/Infastructure/data/raw/KR-STRATEGIC-PLAN-2022-2027-FINAL2.pdf,4085.4,ALL_CAPS
Infastructure,KURA-Annual-Report-FY24-25-.pdf,/home/darwin/PRES/Executive/Infastructure/data/raw/KURA-Annual-Report-FY24-25-.pdf,8397.0,
Infastructure,KURA-REVISED-CLIENT-COPY-AMENDED.pdf,/home/darwin/PRES/Executive/Infastructure/data/raw/KURA-REVISED-CLIENT-COPY-AMENDED.pdf,24623.7,ALL_CAPS
Infastructure,KURA-STRATEGIC-PLAN-2023-2027-August2024.pdf,/home/darwin/PRES/Executive/Infastructure/data/raw/KURA-STRATEGIC-PLAN-2023-2027-August2024.pdf,49337.6,
Infastructure,KeNHA-2923-2025-_-Upgrading-of-Nanyuki-Naibor-Doldol.pdf,/home/darwin/PRES/Executive/Infastructure/data/raw/KeNHA-2923-2025-_-Upgrading-of-Nanyuki-Naibor-Doldol.pdf,3788.6,
Infastructure,KeNHA-2924-2025-_-STRENGTHENING-OF-KANDWIA-–-KYUSO-RD-AND-UPGRADING-OF-KYUSO-–-TSEIKURU-B52-RD-PROJECT.pdf,/home/darwin/PRES/Executive/Infastructure/data/raw/KeNHA-2924-2025-_-STRENGTHENING-OF-KANDWIA-–-KYUSO-RD-AND-UPGRADING-OF-KYUSO-–-TSEIKURU-B52-RD-PROJECT.pdf,4328.4,
Infastructure,KeNHA-Annual-Report-2023-30052024.pdf,/home/darwin/PRES/Executive/Infastructure/data/raw/KeNHA-Annual-Report-2023-30052024.pdf,59714.8,
Infastructure,KeRRA-Annual-Report-2022-2023.pdf,/home/darwin/PRES/Executive/Infastructure/data/raw/KeRRA-Annual-Report-2022-2023.pdf,5118.1,
Infastructure,KeRRA-Annual-Report-FY-2023-2024.pdf,/home/darwin/PRES/Executive/Infastructure/data/raw/KeRRA-Annual-Report-FY-2023-2024.pdf,42201.1,
Infastructure,KeRRA-FINAL-STRATEGIC-PLAN-2023_2027.pdf,/home/darwin/PRES/Executive/Infastructure/data/raw/KeRRA-FINAL-STRATEGIC-PLAN-2023_2027.pdf,65498.0,
Infastructure,KenGen-Integrated-Report-2024.pdf,/home/darwin/PRES/Executive/Infastructure/data/raw/KenGen-Integrated-Report-2024.pdf,12897.4,
Infastructure,KenGens-Carbon-Credits-Portfolio.pdf,/home/darwin/PRES/Executive/Infastructure/data/raw/KenGens-Carbon-Credits-Portfolio.pdf,10230.3,
Infastructure,Kenya-Leading-Economic-Indicators-December-2025.pdf,/home/darwin/PRES/Executive/Infastructure/data/raw/Kenya-Leading-Economic-Indicators-December-2025.pdf,1826.7,
Infastructure,Kenya-National-Highways-Authority-2022_2023.pdf,/home/darwin/PRES/Executive/Infastructure/data/raw/Kenya-National-Highways-Authority-2022_2023.pdf,22903.4,
Infastructure,Kenya-Ports-Authority-2021_2022.pdf,/home/darwin/PRES/Executive/Infastructure/data/raw/Kenya-Ports-Authority-2021_2022.pdf,19077.1,
Infastructure,Kenya-Quarterly-Gross-Domestic-Product-Third-Quarter-2025.pdf,/home/darwin/PRES/Executive/Infastructure/data/raw/Kenya-Quarterly-Gross-Domestic-Product-Third-Quarter-2025.pdf,2698.7,
Infastructure,Kenya-Rural-Roads-AuthorityKeRRA-Appropriation-in-Aid-Receipts-on-E-Citizen.pdf,/home/darwin/PRES/Executive/Infastructure/data/raw/Kenya-Rural-Roads-AuthorityKeRRA-Appropriation-in-Aid-Receipts-on-E-Citizen.pdf,20428.4,
Infastructure,Kenya_Power_Sustainability_Strategy_2024_18th_Nov.pdf,/home/darwin/PRES/Executive/Infastructure/data/raw/Kenya_Power_Sustainability_Strategy_2024_18th_Nov.pdf,27915.3,
Infastructure,LMP-for-Kenya-GREEN-MPA-Phase-2-P180465_KenGen-BESS-Project.pdf,/home/darwin/PRES/Executive/Infastructure/data/raw/LMP-for-Kenya-GREEN-MPA-Phase-2-P180465_KenGen-BESS-Project.pdf,459.7,
Infastructure,National-Transport-Safety-Authority-2022-2023.pdf,/home/darwin/PRES/Executive/Infastructure/data/raw/National-Transport-Safety-Authority-2022-2023.pdf,61707.0,
Infastructure,PAM-4-Road-Safety-Audits.pdf,/home/darwin/PRES/Executive/Infastructure/data/raw/PAM-4-Road-Safety-Audits.pdf,1726.2,
Infastructure,RDM-1.1-Topographic-Survey.pdf,/home/darwin/PRES/Executive/Infastructure/data/raw/RDM-1.1-Topographic-Survey.pdf,1247.1,
Infastructure,RDM-1.2-Traffic-Surveys.pdf,/home/darwin/PRES/Executive/Infastructure/data/raw/RDM-1.2-Traffic-Surveys.pdf,2222.1,
Infastructure,RDM-1.3-Geometric-Design-of-Highways-Rural-Roads-and-Urban-Roads.pdf,/home/darwin/PRES/Executive/Infastructure/data/raw/RDM-1.3-Geometric-Design-of-Highways-Rural-Roads-and-Urban-Roads.pdf,9113.7,
Infastructure,RDM-2.1-Hydrological-Surveys.pdf,/home/darwin/PRES/Executive/Infastructure/data/raw/RDM-2.1-Hydrological-Surveys.pdf,2088.3,
Infastructure,RDM-2.2-Drainage-Design.pdf,/home/darwin/PRES/Executive/Infastructure/data/raw/RDM-2.2-Drainage-Design.pdf,8587.2,
Infastructure,RDM-3.1-Ground-Investigations-and-Material-Prospecting.pdf,/home/darwin/PRES/Executive/Infastructure/data/raw/RDM-3.1-Ground-Investigations-and-Material-Prospecting.pdf,2113.6,
Infastructure,RDM-3.2-Materials-Field-and-Laboratory-Testing.pdf,/home/darwin/PRES/Executive/Infastructure/data/raw/RDM-3.2-Materials-Field-and-Laboratory-Testing.pdf,1594.7,
Infastructure,RDM-3.3-Pavement-Foundation-and-Materials-Design.pdf,/home/darwin/PRES/Executive/Infastructure/data/raw/RDM-3.3-Pavement-Foundation-and-Materials-Design.pdf,4886.4,
Infastructure,RDM-3.4-Flexible-Pavement-Design.pdf,/home/darwin/PRES/Executive/Infastructure/data/raw/RDM-3.4-Flexible-Pavement-Design.pdf,4379.5,
Infastructure,RDM-3.5-Rigid-Pavement-Design.pdf,/home/darwin/PRES/Executive/Infastructure/data/raw/RDM-3.5-Rigid-Pavement-Design.pdf,5313.5,
Infastructure,RDM-4.2-Bridge-and-Culvert-Design.pdf,/home/darwin/PRES/Executive/Infastructure/data/raw/RDM-4.2-Bridge-and-Culvert-Design.pdf,15792.1,
Infastructure,RDM-5.1-Pavement-Condition-Survey.pdf,/home/darwin/PRES/Executive/Infastructure/data/raw/RDM-5.1-Pavement-Condition-Survey.pdf,5006.5,
Infastructure,RDM-5.2-Pavement-Maintenance-Rehabilitation-and-Overlay-Design.pdf,/home/darwin/PRES/Executive/Infastructure/data/raw/RDM-5.2-Pavement-Maintenance-Rehabilitation-and-Overlay-Design.pdf,5124.9,
Infastructure,RDM-6.1-Road-Marking.pdf,/home/darwin/PRES/Executive/Infastructure/data/raw/RDM-6.1-Road-Marking.pdf,3680.0,
Infastructure,RDM-6.2-Traffic-Signs.pdf,/home/darwin/PRES/Executive/Infastructure/data/raw/RDM-6.2-Traffic-Signs.pdf,12608.1,
Infastructure,RDM-6.3-Traffic-Signals-and-Communication-System.pdf,/home/darwin/PRES/Executive/Infastructure/data/raw/RDM-6.3-Traffic-Signals-and-Communication-System.pdf,3483.3,
Infastructure,RDM-6.4-Other-Traffic-Control-Devices.pdf,/home/darwin/PRES/Executive/Infastructure/data/raw/RDM-6.4-Other-Traffic-Control-Devices.pdf,1082.5,
Infastructure,Regulatory-Impact-Assessment-for-the-Kenya-Roads-Roadside-Stations-Regulations-2026.pdf,/home/darwin/PRES/Executive/Infastructure/data/raw/Regulatory-Impact-Assessment-for-the-Kenya-Roads-Roadside-Stations-Regulations-2026.pdf,574.4,
Infastructure,SEP-for-Kenya-GREEN-MPA-Phase-2-P180465_KenGen-BESS-Project.pdf,/home/darwin/PRES/Executive/Infastructure/data/raw/SEP-for-Kenya-GREEN-MPA-Phase-2-P180465_KenGen-BESS-Project.pdf,505.6,
Infastructure,SUCCESS STORIES FOR THE KOSAP WEBSITE.pdf,/home/darwin/PRES/Executive/Infastructure/data/raw/SUCCESS STORIES FOR THE KOSAP WEBSITE.pdf,908.8,ALL_CAPS|HAS_SPACES
Infastructure,Standard-Specification-for-Road-and-Bridge-Construction.pdf,/home/darwin/PRES/Executive/Infastructure/data/raw/Standard-Specification-for-Road-and-Bridge-Construction.pdf,7155.8,
Infastructure,Suswa SS STATCOM ESIA Addendum Report Vol 1.pdf,/home/darwin/PRES/Executive/Infastructure/data/raw/Suswa SS STATCOM ESIA Addendum Report Vol 1.pdf,4890.0,HAS_SPACES
Infastructure,The-Energy-Post-2nd-Edition.pdf,/home/darwin/PRES/Executive/Infastructure/data/raw/The-Energy-Post-2nd-Edition.pdf,8713.6,
Infastructure,The_Energy_Post-Edition-3-Digital-Version_compressed-1.pdf,/home/darwin/PRES/Executive/Infastructure/data/raw/The_Energy_Post-Edition-3-Digital-Version_compressed-1.pdf,21432.5,
Infastructure,auditorgenkplc.pdf,/home/darwin/PRES/Executive/Infastructure/data/raw/auditorgenkplc.pdf,3514.4,
Infastructure,financialstatement20192020.pdf,/home/darwin/PRES/Executive/Infastructure/data/raw/financialstatement20192020.pdf,4831.9,
Infastructure,https___kplc.co.ke_storage_01J199BHE70MYBHT95KBBE7NSA.pdf,/home/darwin/PRES/Executive/Infastructure/data/raw/https___kplc.co.ke_storage_01J199BHE70MYBHT95KBBE7NSA.pdf,66.0,
Infastructure,https___kplc.co.ke_storage_01J199X5D4WQQ1XEK07HM6WJYZ.pdf,/home/darwin/PRES/Executive/Infastructure/data/raw/https___kplc.co.ke_storage_01J199X5D4WQQ1XEK07HM6WJYZ.pdf,4058.1,
Infastructure,https___kplc.co.ke_storage_01J1A5WPGN1TMQVX2DGAHSW3SG.pdf,/home/darwin/PRES/Executive/Infastructure/data/raw/https___kplc.co.ke_storage_01J1A5WPGN1TMQVX2DGAHSW3SG.pdf,53.6,
Infastructure,https___kplc.co.ke_storage_01J1A6BP1K0YCBM8K4HK1F7ZQV.pdf,/home/darwin/PRES/Executive/Infastructure/data/raw/https___kplc.co.ke_storage_01J1A6BP1K0YCBM8K4HK1F7ZQV.pdf,54.9,
Infastructure,https___kplc.co.ke_storage_01J1A6KPB91PM3TPCW35QYWFCH.pdf,/home/darwin/PRES/Executive/Infastructure/data/raw/https___kplc.co.ke_storage_01J1A6KPB91PM3TPCW35QYWFCH.pdf,58.2,
Infastructure,https___kplc.co.ke_storage_01J1A78DTCVNV4XSH304Y12N3A.pdf,/home/darwin/PRES/Executive/Infastructure/data/raw/https___kplc.co.ke_storage_01J1A78DTCVNV4XSH304Y12N3A.pdf,260.2,
Infastructure,https___kplc.co.ke_storage_01J1A9BWRPTCXMG90SZMPXWGMG.pdf,/home/darwin/PRES/Executive/Infastructure/data/raw/https___kplc.co.ke_storage_01J1A9BWRPTCXMG90SZMPXWGMG.pdf,613.8,
Infastructure,https___kplc.co.ke_storage_01J1A9M0FTAD406CZ7DQQ1G680.pdf,/home/darwin/PRES/Executive/Infastructure/data/raw/https___kplc.co.ke_storage_01J1A9M0FTAD406CZ7DQQ1G680.pdf,42.3,
Infastructure,https___kplc.co.ke_storage_01J1AF61SZX223MXPQ13RNFBKY.pdf,/home/darwin/PRES/Executive/Infastructure/data/raw/https___kplc.co.ke_storage_01J1AF61SZX223MXPQ13RNFBKY.pdf,11500.2,
Infastructure,https___kplc.co.ke_storage_01JBBBBHR4WNEZJST4AN0TS0MG.pdf,/home/darwin/PRES/Executive/Infastructure/data/raw/https___kplc.co.ke_storage_01JBBBBHR4WNEZJST4AN0TS0MG.pdf,1586.9,
Infastructure,https___kplc.co.ke_storage_01JDRPZS8NZ473CWE2XCSQ1REJ.pdf,/home/darwin/PRES/Executive/Infastructure/data/raw/https___kplc.co.ke_storage_01JDRPZS8NZ473CWE2XCSQ1REJ.pdf,10234.6,
Infastructure,https___kplc.co.ke_storage_01JJXQ4GVZAK3BRMNTZQPGJ19B.pdf,/home/darwin/PRES/Executive/Infastructure/data/raw/https___kplc.co.ke_storage_01JJXQ4GVZAK3BRMNTZQPGJ19B.pdf,185.7,
Infastructure,https___kplc.co.ke_storage_01K6Z8XAY9BAVJP0EQY2RYRS13.pdf,/home/darwin/PRES/Executive/Infastructure/data/raw/https___kplc.co.ke_storage_01K6Z8XAY9BAVJP0EQY2RYRS13.pdf,137.9,
Infastructure,https___kplc.co.ke_storage_01K6ZBC99ZEKTBW6XDZCXSD57M.pdf,/home/darwin/PRES/Executive/Infastructure/data/raw/https___kplc.co.ke_storage_01K6ZBC99ZEKTBW6XDZCXSD57M.pdf,137.9,
Infastructure,https___kplc.co.ke_storage_01KB4JTB49DXJ81DG79JVEE0M3.pdf,/home/darwin/PRES/Executive/Infastructure/data/raw/https___kplc.co.ke_storage_01KB4JTB49DXJ81DG79JVEE0M3.pdf,38984.1,
Infastructure,kenyapowerfinancialstatement2024.pdf,/home/darwin/PRES/Executive/Infastructure/data/raw/kenyapowerfinancialstatement2024.pdf,10346.4,
Infastructure,kerraENGLISH-SERVICE-CHARTER.pdf,/home/darwin/PRES/Executive/Infastructure/data/raw/kerraENGLISH-SERVICE-CHARTER.pdf,124.1,
Infastructure,kerraNational-Values-and-Principles-of-Governance.pdf,/home/darwin/PRES/Executive/Infastructure/data/raw/kerraNational-Values-and-Principles-of-Governance.pdf,18720.2,
Infastructure,krc.The-Railways-Bill.pdf,/home/darwin/PRES/Executive/Infastructure/data/raw/krc.The-Railways-Bill.pdf,1524.3,
AntiCorruption,Amendments to the Regulations 2020.pdf,/home/darwin/PRES/Executive/AntiCorruption/data/raw/Amendments to the Regulations 2020.pdf,777.7,HAS_SPACES
AntiCorruption,BriberyAct_47of2016.pdf,/home/darwin/PRES/Executive/AntiCorruption/data/raw/BriberyAct_47of2016.pdf,632.8,
AntiCorruption,Debarment Manual 2022.pdf,/home/darwin/PRES/Executive/AntiCorruption/data/raw/Debarment Manual 2022.pdf,586.4,HAS_SPACES
AntiCorruption,EACC-ANNUAL-REPORT-2021-2022.pdf,/home/darwin/PRES/Executive/AntiCorruption/data/raw/EACC-ANNUAL-REPORT-2021-2022.pdf,9408.5,ALL_CAPS
AntiCorruption,EACC-Annual-Report-2017-2018.pdf,/home/darwin/PRES/Executive/AntiCorruption/data/raw/EACC-Annual-Report-2017-2018.pdf,13376.9,
AntiCorruption,EACC-Annual-Report-2018-2019.pdf,/home/darwin/PRES/Executive/AntiCorruption/data/raw/EACC-Annual-Report-2018-2019.pdf,11953.4,
AntiCorruption,EACC-Annual-Report-202021.pdf,/home/darwin/PRES/Executive/AntiCorruption/data/raw/EACC-Annual-Report-202021.pdf,12503.4,
AntiCorruption,EACC-Annual-Report-2022-2023_Final.pdf,/home/darwin/PRES/Executive/AntiCorruption/data/raw/EACC-Annual-Report-2022-2023_Final.pdf,35055.8,
AntiCorruption,EACC-REPORT-OF-ACTIVITIES-AND-FINANCIAL-STATEMENTS-FOR-THE-FINANCIAL-YEAR-2023-2024-FINAL-2.pdf,/home/darwin/PRES/Executive/AntiCorruption/data/raw/EACC-REPORT-OF-ACTIVITIES-AND-FINANCIAL-STATEMENTS-FOR-THE-FINANCIAL-YEAR-2023-2024-FINAL-2.pdf,52623.3,ALL_CAPS
AntiCorruption,EACC-REPORT-OF-ACTIVITIES-AND-FINANCIAL-STATEMENTS-FOR-THE-FINANCIAL-YEAR-2024-2025-FINAL-VERSION-2-2.pdf,/home/darwin/PRES/Executive/AntiCorruption/data/raw/EACC-REPORT-OF-ACTIVITIES-AND-FINANCIAL-STATEMENTS-FOR-THE-FINANCIAL-YEAR-2024-2025-FINAL-VERSION-2-2.pdf,34679.1,ALL_CAPS
AntiCorruption,EACC-VS-JULIUS-MWAMSAE-AND-OTHERS.pdf,/home/darwin/PRES/Executive/AntiCorruption/data/raw/EACC-VS-JULIUS-MWAMSAE-AND-OTHERS.pdf,113.7,ALL_CAPS
AntiCorruption,FATF-Recommendations-2012.pdf,/home/darwin/PRES/Executive/AntiCorruption/data/raw/FATF-Recommendations-2012.pdf,1448.6,
AntiCorruption,Final-Annual-Report-2019-20-18th-MAY.pdf,/home/darwin/PRES/Executive/AntiCorruption/data/raw/Final-Annual-Report-2019-20-18th-MAY.pdf,14072.2,
AntiCorruption,MER of Kenya- September 2022.pdf,/home/darwin/PRES/Executive/AntiCorruption/data/raw/MER of Kenya- September 2022.pdf,3680.8,HAS_SPACES
AntiCorruption,ODPP-Strategic-Plan-2023-2027_compressed.pdf,/home/darwin/PRES/Executive/AntiCorruption/data/raw/ODPP-Strategic-Plan-2023-2027_compressed.pdf,1418.9,
AntiCorruption,OfficeoftheDirectorofPublicProsecutionsNo2of2013.pdf,/home/darwin/PRES/Executive/AntiCorruption/data/raw/OfficeoftheDirectorofPublicProsecutionsNo2of2013.pdf,353.7,
AntiCorruption,PDF.-Guidelines-under-Bribery-Act.pdf,/home/darwin/PRES/Executive/AntiCorruption/data/raw/PDF.-Guidelines-under-Bribery-Act.pdf,324.4,
AntiCorruption,PPADARevisedEdition 2016.pdf,/home/darwin/PRES/Executive/AntiCorruption/data/raw/PPADARevisedEdition 2016.pdf,448.9,HAS_SPACES
AntiCorruption,PPOA Annual Report 2016.pdf,/home/darwin/PRES/Executive/AntiCorruption/data/raw/PPOA Annual Report 2016.pdf,7039.7,HAS_SPACES
AntiCorruption,PPRA 2019 -2020 ANNUAL REPORT.pdf,/home/darwin/PRES/Executive/AntiCorruption/data/raw/PPRA 2019 -2020 ANNUAL REPORT.pdf,11810.1,ALL_CAPS|HAS_SPACES
AntiCorruption,PPRA ANNUAL REPORT 2021-2022 ( FINAL 1-26-2024).pdf,/home/darwin/PRES/Executive/AntiCorruption/data/raw/PPRA ANNUAL REPORT 2021-2022 ( FINAL 1-26-2024).pdf,23849.2,ALL_CAPS|HAS_SPACES
AntiCorruption,PPRA ANNUAL REPORT 2023-2024.pdf,/home/darwin/PRES/Executive/AntiCorruption/data/raw/PPRA ANNUAL REPORT 2023-2024.pdf,53022.1,ALL_CAPS|HAS_SPACES
AntiCorruption,PPRA ANUAL REPORT - 2018-2019.pdf,/home/darwin/PRES/Executive/AntiCorruption/data/raw/PPRA ANUAL REPORT - 2018-2019.pdf,12131.6,ALL_CAPS|HAS_SPACES
AntiCorruption,PPRA Annual Report 2017.pdf,/home/darwin/PRES/Executive/AntiCorruption/data/raw/PPRA Annual Report 2017.pdf,12650.7,HAS_SPACES
AntiCorruption,PPRA Annual Report Book 30th June - 2018.pdf,/home/darwin/PRES/Executive/AntiCorruption/data/raw/PPRA Annual Report Book 30th June - 2018.pdf,8197.8,HAS_SPACES
AntiCorruption,PPRA Annual Report of the FY 2022-2023 (DIGITAL VERSION).pdf,/home/darwin/PRES/Executive/AntiCorruption/data/raw/PPRA Annual Report of the FY 2022-2023 (DIGITAL VERSION).pdf,70756.0,HAS_SPACES
AntiCorruption,PPRA Code of Ethics.pdf,/home/darwin/PRES/Executive/AntiCorruption/data/raw/PPRA Code of Ethics.pdf,2953.2,HAS_SPACES
AntiCorruption,Public Procurement and Asset Disposal Act 33 of 2015 (REVISED EDITION 2022).pdf,/home/darwin/PRES/Executive/AntiCorruption/data/raw/Public Procurement and Asset Disposal Act 33 of 2015 (REVISED EDITION 2022).pdf,466.8,HAS_SPACES
AntiCorruption,Treasury Memorandum on Public Accounts Committee Report for the Year 2021-2022.pdf,/home/darwin/PRES/Executive/AntiCorruption/data/raw/Treasury Memorandum on Public Accounts Committee Report for the Year 2021-2022.pdf,90130.4,HAS_SPACES
AntiCorruption,UNODC-ODPP-Guidelines-on-Prosecution-of-CEC.pdf,/home/darwin/PRES/Executive/AntiCorruption/data/raw/UNODC-ODPP-Guidelines-on-Prosecution-of-CEC.pdf,1179.2,
AntiCorruption,anticorruptionrevised2016act.pdf,/home/darwin/PRES/Executive/AntiCorruption/data/raw/anticorruptionrevised2016act.pdf,268.7,
AntiCorruption,publicofficerethicsactchap183.pdf,/home/darwin/PRES/Executive/AntiCorruption/data/raw/publicofficerethicsactchap183.pdf,1649.7,
