agent,original_filename,filepath,extracted_title,suggested_name,confidence,extraction_status,approved
Education,2022-KCSE-EXAMINATION-ESSENTIAL-STATISTICS.pdf,/home/darwin/PRES/Executive/Education/data/raw/2022-KCSE-EXAMINATION-ESSENTIAL-STATISTICS.pdf,2022 KCSE EXAMINATION ESSENTIAL STATISTICS,2022-Statistics-Report-KNEC-KCSE-Exam.pdf,HIGH,partial,
Education,2025-KCSE-EXAMINATION-ESSENTIAL-STATISTICS.pdf,/home/darwin/PRES/Executive/Education/data/raw/2025-KCSE-EXAMINATION-ESSENTIAL-STATISTICS.pdf,2025 KCSE EXAMINATION ESSENTIAL STATISTICS,2025-Statistics-Report-KNEC-KCSE-Exam.pdf,HIGH,partial,
Education,2025-KJSEA-ESSENTIAL-STATISTICS.pdf,/home/darwin/PRES/Executive/Education/data/raw/2025-KJSEA-ESSENTIAL-STATISTICS.pdf,2025 KJSEA ASSESSMENT ESSENTIAL STATISTICS,2025-Statistics-Report-KNEC-KJSEA-Stats.pdf,HIGH,ok,
Education,Audited-Financial-Statements-2021-2022.pdf,/home/darwin/PRES/Executive/Education/data/raw/Audited-Financial-Statements-2021-2022.pdf,Audited Financial Statements 2021-2022,2022-Financial-Statements-MoE-Audited-Financial-Statements.pdf,LOW,failed,
Education,BASIC-EDUCATION-CURRICULUM-FRAMEWORK-2019.pdf,/home/darwin/PRES/Executive/Education/data/raw/BASIC-EDUCATION-CURRICULUM-FRAMEWORK-2019.pdf,Basic Education Curriculum Framework Nurturing Every Learner’s Potential,2019-Framework-MoE-Basic-Education.pdf,HIGH,ok,
Education,BasicEducationActNo_14of2013.pdf,/home/darwin/PRES/Executive/Education/data/raw/BasicEducationActNo_14of2013.pdf,"THE BASIC EDUCATION ACT, 2013",2013-Act-MoE-Basic-Education.pdf,HIGH,partial,
Education,CBA-Age-Based-Regular-Framework.pdf,/home/darwin/PRES/Executive/Education/data/raw/CBA-Age-Based-Regular-Framework.pdf,CBA Age Based Regular Framework,2023-Framework-KNEC-Age-Based.pdf,LOW,error: 'L' format requires 0 <= number <= 4294967295,
Education,EDUCATION-SECTOR-REPORT-FY-2024-25-2026-27.pdf,/home/darwin/PRES/Executive/Education/data/raw/EDUCATION-SECTOR-REPORT-FY-2024-25-2026-27.pdf,EDUCATION SECTOR REPORT - FY 2024/25-2026/27,2024-Annual-Report-MoE-Education-Sector-Report.pdf,HIGH,ok,
Education,EDUCATION-SECTORframework2425-2627.pdf,/home/darwin/PRES/Executive/Education/data/raw/EDUCATION-SECTORframework2425-2627.pdf,EDUCATION SECTOR Medium Term Expenditure Framework 2024/25 – 2026/27,2024-Framework-MoE-Education-Sector-MTEF.pdf,HIGH,partial,
Education,FINAL-Education-Sector-Report-2025-13.11.2025-1247-HRS.pdf,/home/darwin/PRES/Executive/Education/data/raw/FINAL-Education-Sector-Report-2025-13.11.2025-1247-HRS.pdf,2025 Education Sector Report,2025-Strategic-Plan-MoE-Education-Sector-Report.pdf,HIGH,partial,
Education,FY-2024-25-Program-Based-Budget-Book.pdf,/home/darwin/PRES/Executive/Education/data/raw/FY-2024-25-Program-Based-Budget-Book.pdf,PROGRAMME BASED BUDGET OF THE NATIONAL GOVERNMENT OF KENYA,2024-Budget-National-Government-Program-Based.pdf,HIGH,ok,
Education,GPE 2025 results framework for Kenya.pdf,/home/darwin/PRES/Executive/Education/data/raw/GPE 2025 results framework for Kenya.pdf,GPE 2025 Results Framework for Kenya,2025-Research-Report-MoE-GPE-Results-Framework.pdf,HIGH,partial,
Education,KNEC-Audite-Annual-Report-FY-2021-2022.pdf,/home/darwin/PRES/Executive/Education/data/raw/KNEC-Audite-Annual-Report-FY-2021-2022.pdf,KNEC Audited Annual Report FY 2021-2022,2022-Audit-Report-KNEC-FY-2021-22.pdf,HIGH,partial,
Education,KNEC-Audited-Annual-Report-FY-2019_2020.pdf,/home/darwin/PRES/Executive/Education/data/raw/KNEC-Audited-Annual-Report-FY-2019_2020.pdf,ANNUAL REPORT AND FINANCIAL STATEMENTS FOR THE YEAR ENDED 30 JUNE 2020,2020-Annual-Report-KNEC-FY-2019-20.pdf,HIGH,partial,
Education,KNEC-Audited-Annual-report-FY-2018-2019.pdf,/home/darwin/PRES/Executive/Education/data/raw/KNEC-Audited-Annual-report-FY-2018-2019.pdf,"THE KENYA NATIONAL EXAMINATIONS COUNCIL ANNUAL REPORT AND FINANCIAL STATEMENTS FOR THE YEAR ENDED 30 JUNE, 2019",2019-Annual-Report-KNEC-FY-2018-19.pdf,HIGH,partial,
Education,KNEC-Strategic-Plan-2023-2027-Fina-Printed_compressed.pdf,/home/darwin/PRES/Executive/Education/data/raw/KNEC-Strategic-Plan-2023-2027-Fina-Printed_compressed.pdf,KNEC STRATEGIC PLAN 2023-2027,2023-Strategic-Plan-KNEC-Education-Plan.pdf,HIGH,ok,
Education,Kenya-Education-Sector-Report-2024.pdf,/home/darwin/PRES/Executive/Education/data/raw/Kenya-Education-Sector-Report-2024.pdf,2024 Education Sector Report,2024-Strategic-Plan-MoE-Education-Sector.pdf,HIGH,partial,
Education,NASMLA-Grade-3-Study-1.pdf,/home/darwin/PRES/Executive/Education/data/raw/NASMLA-Grade-3-Study-1.pdf,NASMLA Grade 3 Study 1,2023-Research-Report-KNEC-NASMLA-Grade3-v1.pdf,LOW,failed,
Education,NG-CDF-Newsletter-Q2-6.pdf,/home/darwin/PRES/Executive/Education/data/raw/NG-CDF-Newsletter-Q2-6.pdf,NG-CDF Board Bulletin – Issue 2,2025-Bulletin-NG-CDF-Quarterly-Newsletter.pdf,HIGH,partial,
Education,National-Government-Constituency-Development-Funds-NGCDF-2023-2024.pdf,/home/darwin/PRES/Executive/Education/data/raw/National-Government-Constituency-Development-Funds-NGCDF-2023-2024.pdf,AUDITOR-GENERAL’S SUMMARY REPORT ON NATIONAL GOVERNMENT CONSTITUENCIES DEVELOPMENT FUND -2023/2024,2024-Audit-Report-NGCDF-Development-Fund.pdf,HIGH,ok,
Education,National-curriculum-policy-revised-on-may-9-2019.pdf,/home/darwin/PRES/Executive/Education/data/raw/National-curriculum-policy-revised-on-may-9-2019.pdf,NATIONAL CURRICULUM POLICY,2019-Policy-Ministry-Of-Education-National-Curriculum.pdf,HIGH,ok,
Education,"Report of the Auditor-General on National Government Constituencies Development Fund-Olkalau Constituency for the Year Ended 30 June,2025.pdf","/home/darwin/PRES/Executive/Education/data/raw/Report of the Auditor-General on National Government Constituencies Development Fund-Olkalau Constituency for the Year Ended 30 June,2025.pdf","REPORT OF THE AUDITOR-GENERAL ON NATIONAL GOVERNMENT CONSTITUENCIES DEVELOPMENT FUND-OLKALOU CONSTITUENCY FOR THE YEAR ENDED 30 JUNE,2025",2025-Audit-Report-OAG-National-Government-Const-Dev-Fund-Olkalou.pdf,HIGH,ok,
Education,Special-Audit-Report-on-Capitation-and-Infrastructure-Grants-in-Schools-2025.pdf,/home/darwin/PRES/Executive/Education/data/raw/Special-Audit-Report-on-Capitation-and-Infrastructure-Grants-in-Schools-2025.pdf,Special Audit Report on Capitation and Infrastructure Grants in Schools,2025-Audit-Report-MoE-School-Grants.pdf,LOW,failed,
Education,TASKFORCE-REPORT-CHANGES-ACCEPTED-2021.pdf,/home/darwin/PRES/Executive/Education/data/raw/TASKFORCE-REPORT-CHANGES-ACCEPTED-2021.pdf,"REPORT OF THE TASKFORCE ON ENHANCING ACCESS, RELEVANCE, TRANSITION, EQUITY AND QUALITY FOR EFFECTIVE CURRICULUM REFORMS IMPLEMENTATION",2020-Report-Ministry-Of-Education-Curriculum-Reform.pdf,HIGH,ok,
Education,kenya_education_act211.pdf,/home/darwin/PRES/Executive/Education/data/raw/kenya_education_act211.pdf,The Education Act,1980-Act-Ministry-Of-Education.pdf,HIGH,ok,
Education,kesp2005_2010.pdf,/home/darwin/PRES/Executive/Education/data/raw/kesp2005_2010.pdf,Kenya Education Sector Support Programme (KESSP) 2005-2010 Strategic Plan for the Development of School Infrastructure,2005-Strategic-Plan-MoEST-KESSP-Plan.pdf,HIGH,ok,
Education,nationaleducationsectstrategic plan-2018-2022.pdf,/home/darwin/PRES/Executive/Education/data/raw/nationaleducationsectstrategic plan-2018-2022.pdf,NATIONAL EDUCATION SECTOR STRATEGIC PLAN FOR THE PERIOD 2018 - 2022,2018-Strategic-Plan-MoE-National-Education.pdf,HIGH,ok,
Agriculture,1.-Final-FSRP-ESMF-October-2023.pdf,/home/darwin/PRES/Executive/Agriculture/data/raw/1.-Final-FSRP-ESMF-October-2023.pdf,ENVIRONMENTAL AND SOCIAL MANAGEMENT FRAMEWORK (ESMF) FOR KENYA - FOOD SYSTEMS RESILIENCE PROJECT (FSRP),2023-Framework-Ministry-Of-Agriculture-Food-Resilience-v1.pdf,HIGH,partial,
Agriculture,2.-Final-FSRP-VMGF-october-2023.pdf,/home/darwin/PRES/Executive/Agriculture/data/raw/2.-Final-FSRP-VMGF-october-2023.pdf,Vulnerable and Marginalized Groups Framework (VMGF) for the KENYA’S FOOD SYSTEM RESILIENCE PROJECT (FSRP),2023-Framework-Ministry-Of-Agriculture-VMGF.pdf,HIGH,partial,
Agriculture,2024-25-Kenya-Census-of-Agriculture-Pilot-Survey_1.pdf,/home/darwin/PRES/Executive/Agriculture/data/raw/2024-25-Kenya-Census-of-Agriculture-Pilot-Survey_1.pdf,Kenya Census of Agriculture 2024 PILOT SURVEY,2024-Survey-KALRO-Kenya-Agriculture-Census.pdf,HIGH,ok,
Agriculture,3-Final-FSRP-RPF-october-2023.pdf,/home/darwin/PRES/Executive/Agriculture/data/raw/3-Final-FSRP-RPF-october-2023.pdf,Resettlement Policy Framework for the Food Systems Resilience Project (FSRP),2023-Framework-Ministry-Of-Agriculture-Resettlement-Policy-v1.pdf,HIGH,partial,
Agriculture,5.-Final-FSRP-SMP-October-2023.pdf,/home/darwin/PRES/Executive/Agriculture/data/raw/5.-Final-FSRP-SMP-October-2023.pdf,FSRP-SECURITY MANAGEMENT PLAN 2023,2023-Security-Management-Plan-MoALFD-FSRP.pdf,HIGH,ok,
Agriculture,6.-Final-FSRP-LMP-october-2023.pdf,/home/darwin/PRES/Executive/Agriculture/data/raw/6.-Final-FSRP-LMP-october-2023.pdf,Labour Management Procedures Food Systems Resilience Project(P177816),2023-Guidelines-MoALFD-Labour-Management-Procedures.pdf,HIGH,partial,
Agriculture,7.-Final-FSRP-SEAH-october-2023.pdf,/home/darwin/PRES/Executive/Agriculture/data/raw/7.-Final-FSRP-SEAH-october-2023.pdf,"FOOD SYSTEMS RESILIENCE PROJECT (FSRP) SEXUAL EXPLOITATION, ABUSE AND HARASSMENT (SEAH) PREVENTION AND RESPONSE PLAN",2023-Policy-KALRO-Food-Systems-Resilience-v1.pdf,MEDIUM,partial,
Agriculture,AFA-SECOND-QUARTER-E-BULLETIN-2024-25.pdf,/home/darwin/PRES/Executive/Agriculture/data/raw/AFA-SECOND-QUARTER-E-BULLETIN-2024-25.pdf,AFA SECOND QUARTER E-BULLETIN 2024-25,2024-Bulletin-AFA-Second-Quarter.pdf,HIGH,ok,
Agriculture,ANNUAL REPORT FCRI 2022-23.pdf,/home/darwin/PRES/Executive/Agriculture/data/raw/ANNUAL REPORT FCRI 2022-23.pdf,ANNUAL REPORT 2022-2023,2023-Annual-Report-FCRI-Food-Crops-Research.pdf,HIGH,partial,
Agriculture,ASTGS-Full-Version-1.pdf,/home/darwin/PRES/Executive/Agriculture/data/raw/ASTGS-Full-Version-1.pdf,AGRICULTURAL TRANSFORMATION AND GROWTH STRATEGY,2019-Strategic-Plan-KALRO-Agricultural-Transformation-v1.pdf,MEDIUM,ok,
Agriculture,Agricultural Biotechnology Annual_Nairobi_Kenya_12-21-2016.pdf,/home/darwin/PRES/Executive/Agriculture/data/raw/Agricultural Biotechnology Annual_Nairobi_Kenya_12-21-2016.pdf,2016 Kenya's Agricultural Biotechnology Report,2016-Annual-Report-USAID-Agricultural-Biotechnology.pdf,HIGH,partial,
Agriculture,Agricultural-Finance-Corporation-1.pdf,/home/darwin/PRES/Executive/Agriculture/data/raw/Agricultural-Finance-Corporation-1.pdf,AGRICULTURAL FINANCE CORPORATION ANNUAL REPORTS AND FINANCIAL STATEMENTS,2022-Annual-Report-AFC-Financial-Statements.pdf,HIGH,ok,
Agriculture,Agricultural-Finance-Corporationauditor general.pdf,/home/darwin/PRES/Executive/Agriculture/data/raw/Agricultural-Finance-Corporationauditor general.pdf,"REPORT OF THE AUDITOR-GENERAL ON AGRICULTURAL FINANCE CORPORATION FOR THE YEAR ENDED 30 JUNE, 2024",2024-Audit-Report-AFC-Financial-Statements.pdf,HIGH,ok,
Agriculture,Animal-Disease-Act-Fees-and-Payments.pdf,/home/darwin/PRES/Executive/Agriculture/data/raw/Animal-Disease-Act-Fees-and-Payments.pdf,THE ANIMAL DISEASES ACT,2021-Act-Kenya-Gazette-Animal-Disease-Act.pdf,HIGH,partial,
Agriculture,Avocado _Nairobi_Kenya_KE2025-0001.pdf,/home/darwin/PRES/Executive/Agriculture/data/raw/Avocado _Nairobi_Kenya_KE2025-0001.pdf,Avocado,2025-Research-Report-KALRO-Avocado-Report.pdf,HIGH,partial,
Agriculture,BRI ANNUAL REPORT 2022-2023.pdf,/home/darwin/PRES/Executive/Agriculture/data/raw/BRI ANNUAL REPORT 2022-2023.pdf,BEEF RESEARCH INSTITUTE ANNUAL REPORT 2022- 2023,2023-Annual-Report-KALRO-BRI-Report.pdf,HIGH,ok,
Agriculture,Bulletin-2016fisheries.pdf,/home/darwin/PRES/Executive/Agriculture/data/raw/Bulletin-2016fisheries.pdf,FISHERIES ANNUAL STATISTICAL BULLETIN 2016,2016-Bulletin-Department-Of-Fisheries-Statistics.pdf,HIGH,partial,
Agriculture,CATALOGUE-BREEDS-PUBLISHED-VERSION.pdf,/home/darwin/PRES/Executive/Agriculture/data/raw/CATALOGUE-BREEDS-PUBLISHED-VERSION.pdf,Kenya Livestock Breeds Catalogue,2023-Catalogue-KALRO-Kenya-Breeds.pdf,HIGH,ok,
Agriculture,Capacity-Building-Strategy-for-the-Agricultural-Sector-2016-2021.pdf,/home/darwin/PRES/Executive/Agriculture/data/raw/Capacity-Building-Strategy-for-the-Agricultural-Sector-2016-2021.pdf,CAPACITY BUILDING STRATEGY FOR AGRICULTURE SECTOR,2017-Strategic-Plan-Ministry-Of-Agriculture-Capacity-Building.pdf,HIGH,partial,
Agriculture,Consolidated-Summary-Report-NCCE-2023-FINAL.pdf,/home/darwin/PRES/Executive/Agriculture/data/raw/Consolidated-Summary-Report-NCCE-2023-FINAL.pdf,Consolidated Summary Report NCCE 2023,2023-Research-Report-KALRO-NCCE-Summary.pdf,MEDIUM,partial,
Agriculture,DRAFT-KASEP-POLICY-14.3.2022-1.pdf,/home/darwin/PRES/Executive/Agriculture/data/raw/DRAFT-KASEP-POLICY-14.3.2022-1.pdf,KENYA AGRICULTURAL SECTOR EXTENSION POLICY (KASEP),2022-Policy-Ministry-Of-Agriculture-KASEP.pdf,HIGH,ok,
Agriculture,DRAFT-VEGETATIVELY-PROPAGATING-SEEDS-REGULATIONS-2023-For-National-Validation.pdf,/home/darwin/PRES/Executive/Agriculture/data/raw/DRAFT-VEGETATIVELY-PROPAGATING-SEEDS-REGULATIONS-2023-For-National-Validation.pdf,"THE SEEDS AND PLANT VARIETIES (VEGETATIVELY PROPAGATING SEEDS) REGULATIONS, 2023",2023-Regulations-AFA-Vegetatively-Propagating-Seeds.pdf,HIGH,ok,
Agriculture,DRI Annual Report for 2022-2023.pdf,/home/darwin/PRES/Executive/Agriculture/data/raw/DRI Annual Report for 2022-2023.pdf,DRI Annual Report for 2022-2023,2023-Annual-Report-KALRO-Dairy-Research.pdf,HIGH,partial,
Agriculture,DVS-magazine-2020-A-new-dawn-at-the-directorate-of-veterinary-services.pdf,/home/darwin/PRES/Executive/Agriculture/data/raw/DVS-magazine-2020-A-new-dawn-at-the-directorate-of-veterinary-services.pdf,A new dawn at the directorate of veterinary services,2020-Bulletin-DVS-A-New-Dawn.pdf,HIGH,ok,
Agriculture,Dairy-Interventions-for-Mitigation-and-Adaptation-DaIMA-Funding-Proposal-Environmental-and-Social-Management-Framework.pdf,/home/darwin/PRES/Executive/Agriculture/data/raw/Dairy-Interventions-for-Mitigation-and-Adaptation-DaIMA-Funding-Proposal-Environmental-and-Social-Management-Framework.pdf,Dairy Interventions for Mitigation and Adaptation (DaIMA) Funding Proposal,2023-Framework-KALRO-Dairy-Interventions-v1.pdf,MEDIUM,partial,
Agriculture,Dairy-Interventions-for-Mitigation-and-Adaptation-DaIMA-Funding-Proposal-Indigenous-Peoples-Planning-Framework.pdf,/home/darwin/PRES/Executive/Agriculture/data/raw/Dairy-Interventions-for-Mitigation-and-Adaptation-DaIMA-Funding-Proposal-Indigenous-Peoples-Planning-Framework.pdf,Dairy Interventions for Mitigation and Adaptation (DaIMA) Funding Proposal,2023-Research-Report-KALRO-DaIMA-Funding-Proposal-v1.pdf,MEDIUM,partial,
Agriculture,December_2025_Monthly_weather_Forecast.pdf,/home/darwin/PRES/Executive/Agriculture/data/raw/December_2025_Monthly_weather_Forecast.pdf,CLIMATE OUTLOOK FOR DECEMBER AND CLIMATE REVIEW FOR NOVEMBER 2025,2025-Research-Report-KMD-Weather-Forecast.pdf,HIGH,partial,
Agriculture,Draft-Fertilizers-and-Animal-Foodstuffs-Fertilizers-Regulations-2021-Draft-for-national-validation.pdf,/home/darwin/PRES/Executive/Agriculture/data/raw/Draft-Fertilizers-and-Animal-Foodstuffs-Fertilizers-Regulations-2021-Draft-for-national-validation.pdf,"Fertilizers and Animal Foodstuffs (Fertilizers), Regulations 2021",2021-Regulations-AFA-Fertilizers-Regulations.pdf,HIGH,ok,
Agriculture,Draft-National-Agriculture-Research-System-Policy-2021-May-25-2021.pdf,/home/darwin/PRES/Executive/Agriculture/data/raw/Draft-National-Agriculture-Research-System-Policy-2021-May-25-2021.pdf,NATIONAL AGRICULTURAL RESEARCH SYSTEM POLICY 2021,2021-Policy-MoALFC-National-Agriculture-Research-System.pdf,HIGH,ok,
Agriculture,Field-Guide-1-Water-Management-for-Resilient-Livelihoods-in-Arid-Zones.pdf,/home/darwin/PRES/Executive/Agriculture/data/raw/Field-Guide-1-Water-Management-for-Resilient-Livelihoods-in-Arid-Zones.pdf,Water Management for Building Resilient Livelihoods in the Arid Zones,2018-Guidelines-KALRO-Water-Management.pdf,MEDIUM,ok,
Agriculture,Field-Guide-2-Water-Harvesting-for-Resilient-Livelihoods-in-Semi-Arid-Zones_reduce.pdf,/home/darwin/PRES/Executive/Agriculture/data/raw/Field-Guide-2-Water-Harvesting-for-Resilient-Livelihoods-in-Semi-Arid-Zones_reduce.pdf,Water Harvesting in Practice: Towards Building Resilient Livelihoods in Semi-Arid Zones,2018-Guidelines-WFP-Water-Harvesting.pdf,HIGH,ok,
Agriculture,Field-Guide-3-Pastoral-and-Agro-pastoral-Production-in-Arid-and-semi-arid-zones.pdf,/home/darwin/PRES/Executive/Agriculture/data/raw/Field-Guide-3-Pastoral-and-Agro-pastoral-Production-in-Arid-and-semi-arid-zones.pdf,FIELD PRACTITIONERS GUIDE NO. 3,2018-Guidelines-KALRO-Pastoral-Production.pdf,MEDIUM,ok,
Agriculture,Field-Guide-4-Human-Nutrition-in-Resource-Management-in-Arid-and-Semi-Arid-Zones.pdf,/home/darwin/PRES/Executive/Agriculture/data/raw/Field-Guide-4-Human-Nutrition-in-Resource-Management-in-Arid-and-Semi-Arid-Zones.pdf,FIELD PRACTITIONERS GUIDE NO. 4 Mainstreaming Human Nutrition in Resource Management in the Arid and Semiarid Areas,2018-Guidelines-KALRO-Human-Nutrition-v4.pdf,MEDIUM,ok,
Agriculture,Food Crops Research Institute_ Annual Report 2024.pdf,/home/darwin/PRES/Executive/Agriculture/data/raw/Food Crops Research Institute_ Annual Report 2024.pdf,Annual Report 2024,2024-Annual-Report-KALRO-Food-Crops.pdf,HIGH,ok,
Agriculture,GeRRI Annual Report 2022-2023.pdf,/home/darwin/PRES/Executive/Agriculture/data/raw/GeRRI Annual Report 2022-2023.pdf,Annual Report 2022/2023,2023-Annual-Report-KALRO-GeRRI.pdf,HIGH,ok,
Agriculture,Grain and Feed Annual_Nairobi_Kenya_3-15-2016.pdf,/home/darwin/PRES/Executive/Agriculture/data/raw/Grain and Feed Annual_Nairobi_Kenya_3-15-2016.pdf,Grain and Feed Annual,2016-Research-Report-USDA-Grain-Feed-v1.pdf,HIGH,partial,
Agriculture,HRI Annual Report 2022 2023 Final.pdf,/home/darwin/PRES/Executive/Agriculture/data/raw/HRI Annual Report 2022 2023 Final.pdf,HORTICULTURE RESEARCH INSTITUTE FINANCIAL YEAR 2022/2023 ANNUAL REPORT,2023-Annual-Report-HRI-FY-2022-23.pdf,HIGH,ok,
Agriculture,IN-SITU_WATER_HARVESTING_TECHNOLOGIES_AND_FERTILIZ-1-2.pdf,/home/darwin/PRES/Executive/Agriculture/data/raw/IN-SITU_WATER_HARVESTING_TECHNOLOGIES_AND_FERTILIZ-1-2.pdf,"IN-SITU WATER HARVESTING TECHNOLOGIES AND FERTILIZER RATES INCREASE MAIZE AND BEAN YIELDS IN THE SEMI-ARID KATUMANI, KENYA",2022-Research-Report-KALRO-In-Situ-Water-Harvesting-v1.pdf,HIGH,partial,
Agriculture,KALRO - AMRI Katumani Annual Report - FY 2022-2023.pdf,/home/darwin/PRES/Executive/Agriculture/data/raw/KALRO - AMRI Katumani Annual Report - FY 2022-2023.pdf,KALRO - AMRI Katumani Annual Report - FY 2022-2023,2023-Annual-Report-KALRO-AMRI-Katumani.pdf,HIGH,ok,
Agriculture,KALRO ABIRI_ANNUAL REPORT_2022-2023 .pdf,/home/darwin/PRES/Executive/Agriculture/data/raw/KALRO ABIRI_ANNUAL REPORT_2022-2023 .pdf,ANNUAL REPORT FOR FINANCIAL YEAR 2022/2023,2023-Annual-Report-KALRO-ABIRI-FY-2022-23.pdf,HIGH,partial,
Agriculture,KALRO ICRI Annual Report 2022-2023.pdf,/home/darwin/PRES/Executive/Agriculture/data/raw/KALRO ICRI Annual Report 2022-2023.pdf,KALRO ICRI Annual Report 2022-2023,2023-Annual-Report-KALRO-ICRI.pdf,HIGH,partial,
Agriculture,KALRO NRI 2022-2023 Annual Report.pdf,/home/darwin/PRES/Executive/Agriculture/data/raw/KALRO NRI 2022-2023 Annual Report.pdf,KALRO Kakamega 2022 Annual Report,2023-Annual-Report-KALRO-NRI-Annual-Report.pdf,HIGH,ok,
Agriculture,KALRO-TRI ANNUAL REPORT 2022-2023.pdf,/home/darwin/PRES/Executive/Agriculture/data/raw/KALRO-TRI ANNUAL REPORT 2022-2023.pdf,ANNUAL TECHNICAL REPORT 2022-2023,2023-Annual-Report-KALRO-TRI.pdf,HIGH,partial,
Agriculture,KENYA-POST-HARVEST-MANAGEMENT-ON-FOOD-LOSS-AND-WASTE-REDUCTION-STRATEGY.pdf,/home/darwin/PRES/Executive/Agriculture/data/raw/KENYA-POST-HARVEST-MANAGEMENT-ON-FOOD-LOSS-AND-WASTE-REDUCTION-STRATEGY.pdf,KENYA POSTHARVEST MANAGEMENT STRATEGY FOR FOOD LOSS AND WASTE REDUCTION,2024-Strategic-Plan-KALRO-Post-Harvest-Management.pdf,HIGH,ok,
Agriculture,KEPHIS_ANNUAL_REPORT_2019.pdf,/home/darwin/PRES/Executive/Agriculture/data/raw/KEPHIS_ANNUAL_REPORT_2019.pdf,ANNUAL REPORT AND FINANCIAL STATEMENTS 2019,2019-Annual-Report-KEPHIS-Financial-Statements.pdf,HIGH,ok,
Agriculture,Kenya-Agricultural-and-Livestock-Research-Organization-2022_2023.pdf,/home/darwin/PRES/Executive/Agriculture/data/raw/Kenya-Agricultural-and-Livestock-Research-Organization-2022_2023.pdf,Kenya Agricultural and Livestock Research Organization,2023-Annual-Report-KALRO-Strategic-Plan.pdf,MEDIUM,failed,
Agriculture,Kenya-Crop-Conditions-Bulletin-August-2021-3.pdf,/home/darwin/PRES/Executive/Agriculture/data/raw/Kenya-Crop-Conditions-Bulletin-August-2021-3.pdf,Kenya Crop Conditions Bulletin,2021-Bulletin-Ministry-Of-Agriculture-Crop-Conditions.pdf,HIGH,partial,
Agriculture,Kenya-Crop-Conditions-Bulletin-August-2021.pdf,/home/darwin/PRES/Executive/Agriculture/data/raw/Kenya-Crop-Conditions-Bulletin-August-2021.pdf,Kenya Crop Conditions Bulletin,2021-Bulletin-Ministry-Of-Agriculture-Crop-Conditions.pdf,HIGH,partial,
Agriculture,Kenya-Youth-in-Agribusiness-Strategy_signed-Copy.pdf,/home/darwin/PRES/Executive/Agriculture/data/raw/Kenya-Youth-in-Agribusiness-Strategy_signed-Copy.pdf,KENYA YOUTH AGRIBUSINESS STRATEGY,2018-Strategic-Plan-Ministry-Of-Agriculture-Youth-Agribusiness.pdf,HIGH,ok,
Agriculture,Migratory-and-Invasive-Pests-and-Weeds-Management-Strategy-2022.pdf,/home/darwin/PRES/Executive/Agriculture/data/raw/Migratory-and-Invasive-Pests-and-Weeds-Management-Strategy-2022.pdf,M&IPWM Strategy: 2022 - 2027,2022-Strategic-Plan-KALRO-Migratory-Pests-Management.pdf,HIGH,ok,
Agriculture,Ministrys-Strategic-Plan-for-2023-2027-Final-Version-for-validation-and-Stakeholder-Engagement-19.12.2023-1.pdf,/home/darwin/PRES/Executive/Agriculture/data/raw/Ministrys-Strategic-Plan-for-2023-2027-Final-Version-for-validation-and-Stakeholder-Engagement-19.12.2023-1.pdf,MINISTRY OF AGRICULTURE AND LIVESTOCK DEVELOPMENT STRATEGIC PLAN 2023 – 2027,2023-Strategic-Plan-MoALFD-Strategic-Plan.pdf,HIGH,ok,
Agriculture,NATIONAL-CASSAVA-CONFERENCE-AND-EXPO-DIGITAL-REPORT.pdf,/home/darwin/PRES/Executive/Agriculture/data/raw/NATIONAL-CASSAVA-CONFERENCE-AND-EXPO-DIGITAL-REPORT.pdf,NATIONAL CASSAVA CONFERENCE AND EXPO DIGITAL REPORT,2023-Conference-Report-KALRO-Cassava-Conference.pdf,MEDIUM,ok,
Agriculture,NCPB-National-Food-ReserveRegulations-National-Validation-Copy.pdf,/home/darwin/PRES/Executive/Agriculture/data/raw/NCPB-National-Food-ReserveRegulations-National-Validation-Copy.pdf,"The National Cereals and Produce Board (National Food Reserve) Regulations, 2021",2021-Regulations-NCPB-National-Food-Reserve.pdf,HIGH,partial,
Agriculture,NIAstrategicplan2023_2027.pdf,/home/darwin/PRES/Executive/Agriculture/data/raw/NIAstrategicplan2023_2027.pdf,NATIONAL IRRIGATION AUTHORITY STRATEGIC PLAN (2023-2027),2023-Strategic-Plan-NIA-Water-Security.pdf,HIGH,ok,
Agriculture,NSAFS-Facilitators-Manual-Draft-i-compressed.pdf,/home/darwin/PRES/Executive/Agriculture/data/raw/NSAFS-Facilitators-Manual-Draft-i-compressed.pdf,National Training Package on Nutrition Sensitive Agriculture and Food Systems’ Programmes Facilitator’s Guide,2023-Manual-KALRO-Nutrition-Sensitive-Agriculture-v1.pdf,MEDIUM,ok,
Agriculture,National-Agriculture-Production-Report-2024.pdf,/home/darwin/PRES/Executive/Agriculture/data/raw/National-Agriculture-Production-Report-2024.pdf,NATIONAL AGRICULTURE PRODUCTION REPORT 2024,2024-Statistics-Report-KALRO-Agriculture-Production.pdf,HIGH,ok,
Agriculture,National-Agriculture-Production-Report-2025.pdf,/home/darwin/PRES/Executive/Agriculture/data/raw/National-Agriculture-Production-Report-2025.pdf,National Agriculture Production Report 2025,2025-Statistics-Report-KALRO-Agriculture-Production.pdf,HIGH,ok,
Agriculture,National-Irrigation-Authority-2022_2023.pdf,/home/darwin/PRES/Executive/Agriculture/data/raw/National-Irrigation-Authority-2022_2023.pdf,National Irrigation Authority,2023-Annual-Report-NIA-Irrigation-Authority.pdf,LOW,failed,
Agriculture,National-Livestock-Agenda-Jan-30_01_2026-Final.pdf,/home/darwin/PRES/Executive/Agriculture/data/raw/National-Livestock-Agenda-Jan-30_01_2026-Final.pdf,JSON parse error: Expecting value: line 1 column 1 (char 0),National-Livestock-Agenda-Jan-30_01_2026-Final.pdf,LOW,partial,
Agriculture,National_DEW_Bulletin_January_202620260217011002.pdf,/home/darwin/PRES/Executive/Agriculture/data/raw/National_DEW_Bulletin_January_202620260217011002.pdf,National Drought Early Warning Bulletin,2026-Bulletin-NDMA-Drought-Warning.pdf,HIGH,ok,
Agriculture,National_Drought_Early_Warning_Bulletin_August_202520250922094134.pdf,/home/darwin/PRES/Executive/Agriculture/data/raw/National_Drought_Early_Warning_Bulletin_August_202520250922094134.pdf,National Drought Early Warning Bulletin,2025-Bulletin-National-Drought-Management-Authority-Drought-Warning.pdf,HIGH,ok,
Agriculture,OND_2025_Seasonal_Weather_Forecast.pdf,/home/darwin/PRES/Executive/Agriculture/data/raw/OND_2025_Seasonal_Weather_Forecast.pdf,RAINFALL OUTLOOK FOR THE OCTOBER-NOVEMBER-DECEMBER (OND) 2025,2025-Research-Report-KMD-Weather-Forecast.pdf,HIGH,partial,
Agriculture,Public-Consultation-Documents-on-the-Draft-Seeds-and-Plant-Varieties.pdf,/home/darwin/PRES/Executive/Agriculture/data/raw/Public-Consultation-Documents-on-the-Draft-Seeds-and-Plant-Varieties.pdf,Public Consultation Documents on the Draft Seeds and Plant Varieties,2023-Regulations-AFA-Draft-Seeds-Regulations.pdf,HIGH,ok,
Agriculture,Pyrethrum-Repeal-Bill-2023-July-.pdf,/home/darwin/PRES/Executive/Agriculture/data/raw/Pyrethrum-Repeal-Bill-2023-July-.pdf,"The Pyrethrum (Repeal) Bill, 2023",2023-Bill-Ministry-Of-Agriculture-Pyrethrum-Repeal.pdf,HIGH,ok,
Agriculture,Q4-BULLETIN-25-FINALEagricultureandfoodauth.pdf,/home/darwin/PRES/Executive/Agriculture/data/raw/Q4-BULLETIN-25-FINALEagricultureandfoodauth.pdf,AGRICULTURE AND FOOD AUTHORITY QUARTER 2024/2025,2024-Bulletin-AFA-Agriculture-And-Food.pdf,HIGH,ok,
Agriculture,Regulatory-Impact-Assessment-RIA-2022-EDITED-18032022.pdf,/home/darwin/PRES/Executive/Agriculture/data/raw/Regulatory-Impact-Assessment-RIA-2022-EDITED-18032022.pdf,"REGULATORY IMPACT ASSESSMENT FOR THE MARINE FISHERIES (ACCESS AND DEVELOPMENT) REGULATIONS, 2022",2022-Assessment-Ministry-Of-Agriculture-Marine-Fisheries.pdf,HIGH,partial,
Agriculture,Roots-and-Tuber-Crops-Strategy-2019-2022-1.pdf,/home/darwin/PRES/Executive/Agriculture/data/raw/Roots-and-Tuber-Crops-Strategy-2019-2022-1.pdf,NATIONAL ROOT AND TUBER CROPS DEVELOPMENT STRATEGY 2019-2022,2019-Strategic-Plan-MoALF-Roots-Tuber-Strategy.pdf,HIGH,ok,
Agriculture,SRI_CONTENT_2022-23_KALRO_ANNUAL_REPORT.pdf,/home/darwin/PRES/Executive/Agriculture/data/raw/SRI_CONTENT_2022-23_KALRO_ANNUAL_REPORT.pdf,"Sugar Research Institute Annual Report, 2022/2023",2023-Annual-Report-KALRO-Sugar-Research-v1.pdf,HIGH,partial,
Agriculture,Strategic-Plan-for-MOALF-for-2018-2022.pdf,/home/darwin/PRES/Executive/Agriculture/data/raw/Strategic-Plan-for-MOALF-for-2018-2022.pdf,STRATEGIC PLAN,2018-Strategic-Plan-MOALF-Strategic-Plan.pdf,HIGH,partial,
Agriculture,afa-first-quarter-e-bulletin-2023-2024.pdf,/home/darwin/PRES/Executive/Agriculture/data/raw/afa-first-quarter-e-bulletin-2023-2024.pdf,AFA First Quarter E-Bulletin 2023/24,2024-Bulletin-AFA-First-Quarter-v1.pdf,HIGH,partial,
Agriculture,eu deforestation regulation-KH0923474ENN.pdf,/home/darwin/PRES/Executive/Agriculture/data/raw/eu deforestation regulation-KH0923474ENN.pdf,EU Deforestation Regulation: an opportunity for smallholders,2023-Policy-EU-Deforestation-Regulation.pdf,HIGH,partial,
Agriculture,nationallandusepolicy2017.pdf,/home/darwin/PRES/Executive/Agriculture/data/raw/nationallandusepolicy2017.pdf,API error: Error code: 429 - {'error': {'message': 'Rate limit reached ,nationallandusepolicy2017.pdf,LOW,ok,
Agriculture,q4-bulletin-final.pdf,/home/darwin/PRES/Executive/Agriculture/data/raw/q4-bulletin-final.pdf,API error: Error code: 429 - {'error': {'message': 'Rate limit reached ,q4-bulletin-final.pdf,LOW,ok,
Agriculture,reviewed-draft-National-Agriculture-Insurance-Policy-29-04-2021-with-comments-1.pdf,/home/darwin/PRES/Executive/Agriculture/data/raw/reviewed-draft-National-Agriculture-Insurance-Policy-29-04-2021-with-comments-1.pdf,API error: Error code: 429 - {'error': {'message': 'Rate limit reached ,reviewed-draft-National-Agriculture-Insurance-Policy-29-04-2021-with-comments-1.pdf,LOW,ok,
ICT,2020-2021-Audited-Financial-Statements.pdf,/home/darwin/PRES/Executive/ICT/data/raw/2020-2021-Audited-Financial-Statements.pdf,API error: Error code: 429 - {'error': {'message': 'Rate limit reached ,2020-2021-Audited-Financial-Statements.pdf,LOW,failed,
ICT,2022 Kenya IGF report.pdf,/home/darwin/PRES/Executive/ICT/data/raw/2022 Kenya IGF report.pdf,API error: Error code: 429 - {'error': {'message': 'Rate limit reached ,2022-Kenya-IGF-report.pdf,LOW,ok,
ICT,2023-2024-Audited-Financial-Statements.pdf,/home/darwin/PRES/Executive/ICT/data/raw/2023-2024-Audited-Financial-Statements.pdf,API error: Error code: 429 - {'error': {'message': 'Rate limit reached ,2023-2024-Audited-Financial-Statements.pdf,LOW,failed,
ICT,2024-2025-Audited-Financial-Statements.pdf,/home/darwin/PRES/Executive/ICT/data/raw/2024-2025-Audited-Financial-Statements.pdf,API error: Error code: 429 - {'error': {'message': 'Rate limit reached ,2024-2025-Audited-Financial-Statements.pdf,LOW,failed,
ICT,Africa Tech Policy Summit 2025 Report.pdf,/home/darwin/PRES/Executive/ICT/data/raw/Africa Tech Policy Summit 2025 Report.pdf,API error: Error code: 429 - {'error': {'message': 'Rate limit reached ,Africa-Tech-Policy-Summit-2025-Report.pdf,LOW,ok,
ICT,Audience Measurement and Industry Trends Report October to December 2025.pdf,/home/darwin/PRES/Executive/ICT/data/raw/Audience Measurement and Industry Trends Report October to December 2025.pdf,API error: Error code: 429 - {'error': {'message': 'Rate limit reached ,Audience-Measurement-and-Industry-Trends-Report-October-to-December-2025.pdf,LOW,partial,
ICT,CA-Annual-Report-2022-2023.pdf,/home/darwin/PRES/Executive/ICT/data/raw/CA-Annual-Report-2022-2023.pdf,API error: Error code: 429 - {'error': {'message': 'Rate limit reached ,CA-Annual-Report-2022-2023.pdf,LOW,ok,
ICT,CA-Annual-Report-2023-2024.pdf,/home/darwin/PRES/Executive/ICT/data/raw/CA-Annual-Report-2023-2024.pdf,API error: Error code: 429 - {'error': {'message': 'Rate limit reached ,CA-Annual-Report-2023-2024.pdf,LOW,partial,
ICT,Computer Misuse and Cybercrimes.pdf,/home/darwin/PRES/Executive/ICT/data/raw/Computer Misuse and Cybercrimes.pdf,API error: Error code: 429 - {'error': {'message': 'Rate limit reached ,Computer-Misuse-and-Cybercrimes.pdf,LOW,ok,
ICT,Dalberg-Implementation-of-the-Ajira-Digital-Program_Report_VF_20211207.pdf,/home/darwin/PRES/Executive/ICT/data/raw/Dalberg-Implementation-of-the-Ajira-Digital-Program_Report_VF_20211207.pdf,API error: Error code: 429 - {'error': {'message': 'Rate limit reached ,Dalberg-Implementation-of-the-Ajira-Digital-Program_Report_VF_20211207.pdf,LOW,ok,
ICT,Data Protection Act.pdf,/home/darwin/PRES/Executive/ICT/data/raw/Data Protection Act.pdf,API error: Error code: 429 - {'error': {'message': 'Rate limit reached ,Data-Protection-Act.pdf,LOW,ok,
ICT,Draft National Addressing Bill 2023.pdf,/home/darwin/PRES/Executive/ICT/data/raw/Draft National Addressing Bill 2023.pdf,API error: Error code: 429 - {'error': {'message': 'Rate limit reached ,Draft-National-Addressing-Bill-2023.pdf,LOW,ok,
ICT,Draft National Addressing Policy.pdf,/home/darwin/PRES/Executive/ICT/data/raw/Draft National Addressing Policy.pdf,API error: Error code: 429 - {'error': {'message': 'Rate limit reached ,Draft-National-Addressing-Policy.pdf,LOW,partial,
ICT,EAIGF-2019.pdf,/home/darwin/PRES/Executive/ICT/data/raw/EAIGF-2019.pdf,API error: Error code: 429 - {'error': {'message': 'Rate limit reached ,EAIGF-2019.pdf,LOW,partial,
ICT,Executive Report County ICT survey 25.08.2020.pdf,/home/darwin/PRES/Executive/ICT/data/raw/Executive Report County ICT survey 25.08.2020.pdf,API error: Error code: 429 - {'error': {'message': 'Rate limit reached ,Executive-Report-County-ICT-survey-25.08.2020.pdf,LOW,ok,
ICT,FinAccess Household Survey Report 2024.pdf,/home/darwin/PRES/Executive/ICT/data/raw/FinAccess Household Survey Report 2024.pdf,API error: Error code: 429 - {'error': {'message': 'Rate limit reached ,FinAccess-Household-Survey-Report-2024.pdf,LOW,ok,
ICT,Forensic Audit Report on National Optic Fibre Backbone Infrastructure and IP Based HIPATH 4000 Network Projects from the Auditor-General for August 2022.pdf,/home/darwin/PRES/Executive/ICT/data/raw/Forensic Audit Report on National Optic Fibre Backbone Infrastructure and IP Based HIPATH 4000 Network Projects from the Auditor-General for August 2022.pdf,API error: Error code: 429 - {'error': {'message': 'Rate limit reached ,Forensic-Audit-Report-on-National-Optic-Fibre-Backbone-Infrastructure-and-IP-Based-HIPATH-4000-Network-Projects-from-the-Auditor-General-for-August-2022.pdf,LOW,failed,
ICT,Global Geopolitics and the Future of Digital Rights Funding Donor Roundtable Report May 12 2025.pdf,/home/darwin/PRES/Executive/ICT/data/raw/Global Geopolitics and the Future of Digital Rights Funding Donor Roundtable Report May 12 2025.pdf,API error: Error code: 429 - {'error': {'message': 'Rate limit reached ,Global-Geopolitics-and-the-Future-of-Digital-Rights-Funding-Donor-Roundtable-Report-May-12-2025.pdf,LOW,ok,
ICT,Implementing-Huduma-Namba-Report-22.10.2020.pdf,/home/darwin/PRES/Executive/ICT/data/raw/Implementing-Huduma-Namba-Report-22.10.2020.pdf,API error: Error code: 429 - {'error': {'message': 'Rate limit reached ,Implementing-Huduma-Namba-Report-22.10.2020.pdf,LOW,ok,
ICT,Invest-Kenya-BPO-Sector-Pack.pdf,/home/darwin/PRES/Executive/ICT/data/raw/Invest-Kenya-BPO-Sector-Pack.pdf,API error: Error code: 429 - {'error': {'message': 'Rate limit reached ,Invest-Kenya-BPO-Sector-Pack.pdf,LOW,ok,
ICT,KENYA-IGF-REPORT-2021.pdf,/home/darwin/PRES/Executive/ICT/data/raw/KENYA-IGF-REPORT-2021.pdf,API error: Error code: 429 - {'error': {'message': 'Rate limit reached ,KENYA-IGF-REPORT-2021.pdf,LOW,partial,
ICT,KICTANET-2022-ANNUAL-REPORT.pdf,/home/darwin/PRES/Executive/ICT/data/raw/KICTANET-2022-ANNUAL-REPORT.pdf,API error: Error code: 429 - {'error': {'message': 'Rate limit reached ,KICTANET-2022-ANNUAL-REPORT.pdf,LOW,ok,
ICT,KICTANET-State-of-ICT-Report-2017.pdf,/home/darwin/PRES/Executive/ICT/data/raw/KICTANET-State-of-ICT-Report-2017.pdf,API error: Error code: 429 - {'error': {'message': 'Rate limit reached ,KICTANET-State-of-ICT-Report-2017.pdf,LOW,ok,
ICT,KICTANet Quarterly Spotlight Report - Jan-Mar2023_compressed.pdf,/home/darwin/PRES/Executive/ICT/data/raw/KICTANet Quarterly Spotlight Report - Jan-Mar2023_compressed.pdf,API error: Error code: 429 - {'error': {'message': 'Rate limit reached ,KICTANet-Quarterly-Spotlight-Report---Jan-Mar2023_compressed.pdf,LOW,ok,
ICT,KICTANet election observer report.pdf,/home/darwin/PRES/Executive/ICT/data/raw/KICTANet election observer report.pdf,API error: Error code: 429 - {'error': {'message': 'Rate limit reached ,KICTANet-election-observer-report.pdf,LOW,ok,
ICT,KICTANet-10-years-report-2007-2016.pdf,/home/darwin/PRES/Executive/ICT/data/raw/KICTANet-10-years-report-2007-2016.pdf,API error: Error code: 429 - {'error': {'message': 'Rate limit reached ,KICTANet-10-years-report-2007-2016.pdf,LOW,partial,
ICT,KICTANet_Annual_Report_2016.pdf,/home/darwin/PRES/Executive/ICT/data/raw/KICTANet_Annual_Report_2016.pdf,API error: Error code: 429 - {'error': {'message': 'Rate limit reached ,KICTANet_Annual_Report_2016.pdf,LOW,ok,
ICT,KIGF 2017 final V.pdf,/home/darwin/PRES/Executive/ICT/data/raw/KIGF 2017 final V.pdf,API error: Error code: 429 - {'error': {'message': 'Rate limit reached ,KIGF-2017-final-V.pdf,LOW,ok,
ICT,KIGF-2018-report.pdf,/home/darwin/PRES/Executive/ICT/data/raw/KIGF-2018-report.pdf,Report of the 11th Kenyan IGF,2018-IGF-Report-KIGF-2018.pdf,HIGH,ok,
ICT,KeIGF 2023 social media Report.pdf,/home/darwin/PRES/Executive/ICT/data/raw/KeIGF 2023 social media Report.pdf,API error: Error code: 429 - {'error': {'message': 'Rate limit reached ,KeIGF-2023-social-media-Report.pdf,LOW,ok,
ICT,Kenya AI Strategy 2025 - 2030.pdf,/home/darwin/PRES/Executive/ICT/data/raw/Kenya AI Strategy 2025 - 2030.pdf,API error: Error code: 429 - {'error': {'message': 'Rate limit reached ,Kenya-AI-Strategy-2025---2030.pdf,LOW,ok,
ICT,Kenya Digital Masterplan 2022-2032 Online Version.pdf,/home/darwin/PRES/Executive/ICT/data/raw/Kenya Digital Masterplan 2022-2032 Online Version.pdf,API error: Error code: 429 - {'error': {'message': 'Rate limit reached ,Kenya-Digital-Masterplan-2022-2032-Online-Version.pdf,LOW,partial,
ICT,Kenya IGF report 2024.pdf,/home/darwin/PRES/Executive/ICT/data/raw/Kenya IGF report 2024.pdf,API error: Error code: 429 - {'error': {'message': 'Rate limit reached ,Kenya-IGF-report-2024.pdf,LOW,ok,
ICT,Kenya Internet Governance Forum 2023 Report.pdf,/home/darwin/PRES/Executive/ICT/data/raw/Kenya Internet Governance Forum 2023 Report.pdf,API error: Error code: 429 - {'error': {'message': 'Rate limit reached ,Kenya-Internet-Governance-Forum-2023-Report.pdf,LOW,ok,
ICT,Kenya-Digital-Readiness-Study.pdf,/home/darwin/PRES/Executive/ICT/data/raw/Kenya-Digital-Readiness-Study.pdf,API error: Error code: 429 - {'error': {'message': 'Rate limit reached ,Kenya-Digital-Readiness-Study.pdf,LOW,partial,
ICT,Kenya-IGF-2020-report.pdf,/home/darwin/PRES/Executive/ICT/data/raw/Kenya-IGF-2020-report.pdf,API error: Error code: 429 - {'error': {'message': 'Rate limit reached ,Kenya-IGF-2020-report.pdf,LOW,ok,
ICT,Kenya-Internet-Governance-Forum-Report-2016.pdf,/home/darwin/PRES/Executive/ICT/data/raw/Kenya-Internet-Governance-Forum-Report-2016.pdf,API error: Error code: 429 - {'error': {'message': 'Rate limit reached ,Kenya-Internet-Governance-Forum-Report-2016.pdf,LOW,ok,
ICT,Kenya-youth-IGF-2021.pdf,/home/darwin/PRES/Executive/ICT/data/raw/Kenya-youth-IGF-2021.pdf,API error: Error code: 429 - {'error': {'message': 'Rate limit reached ,Kenya-youth-IGF-2021.pdf,LOW,ok,
ICT,Kenya_Digital_Economy_2019.pdf,/home/darwin/PRES/Executive/ICT/data/raw/Kenya_Digital_Economy_2019.pdf,API error: Error code: 429 - {'error': {'message': 'Rate limit reached ,Kenya_Digital_Economy_2019.pdf,LOW,ok,
ICT,Kenya_s_Second_National_Cybersecurity_Strategy_1665382389.pdf,/home/darwin/PRES/Executive/ICT/data/raw/Kenya_s_Second_National_Cybersecurity_Strategy_1665382389.pdf,API error: Error code: 429 - {'error': {'message': 'Rate limit reached ,Kenya_s_Second_National_Cybersecurity_Strategy_1665382389.pdf,LOW,partial,
ICT,Konza-Technopolis-Abridged-Strategic-Plan-1.pdf,/home/darwin/PRES/Executive/ICT/data/raw/Konza-Technopolis-Abridged-Strategic-Plan-1.pdf,API error: Error code: 429 - {'error': {'message': 'Rate limit reached ,Konza-Technopolis-Abridged-Strategic-Plan-1.pdf,LOW,ok,
ICT,Mobile-Payments-v1.pdf,/home/darwin/PRES/Executive/ICT/data/raw/Mobile-Payments-v1.pdf,API error: Error code: 429 - {'error': {'message': 'Rate limit reached ,Mobile-Payments-v1.pdf,LOW,partial,
ICT,Mobile-Payments-v2.pdf,/home/darwin/PRES/Executive/ICT/data/raw/Mobile-Payments-v2.pdf,API error: Error code: 429 - {'error': {'message': 'Rate limit reached ,Mobile-Payments-v2.pdf,LOW,partial,
ICT,National E-Commerce Strategy  2023.pdf,/home/darwin/PRES/Executive/ICT/data/raw/National E-Commerce Strategy  2023.pdf,API error: Error code: 429 - {'error': {'message': 'Rate limit reached ,National-E-Commerce-Strategy-2023.pdf,LOW,partial,
ICT,National-Broadband-Strategy-2023.pdf,/home/darwin/PRES/Executive/ICT/data/raw/National-Broadband-Strategy-2023.pdf,API error: Error code: 429 - {'error': {'message': 'Rate limit reached ,National-Broadband-Strategy-2023.pdf,LOW,ok,
ICT,National-ICT-Policy-Guidelines-2020.pdf,/home/darwin/PRES/Executive/ICT/data/raw/National-ICT-Policy-Guidelines-2020.pdf,API error: Error code: 429 - {'error': {'message': 'Rate limit reached ,National-ICT-Policy-Guidelines-2020.pdf,LOW,failed,
ICT,Report on the Advocacy Engagement on Digital Rights in Kenya and the UPR.pdf,/home/darwin/PRES/Executive/ICT/data/raw/Report on the Advocacy Engagement on Digital Rights in Kenya and the UPR.pdf,API error: Error code: 429 - {'error': {'message': 'Rate limit reached ,Report-on-the-Advocacy-Engagement-on-Digital-Rights-in-Kenya-and-the-UPR.pdf,LOW,ok,
ICT,THE-IMPACT-OF-SMART-CITIES-ON-SUSTAINABLE-URBAN-DEVELOPMENT-Research-Paper.pdf,/home/darwin/PRES/Executive/ICT/data/raw/THE-IMPACT-OF-SMART-CITIES-ON-SUSTAINABLE-URBAN-DEVELOPMENT-Research-Paper.pdf,API error: Error code: 429 - {'error': {'message': 'Rate limit reached ,THE-IMPACT-OF-SMART-CITIES-ON-SUSTAINABLE-URBAN-DEVELOPMENT-Research-Paper.pdf,LOW,ok,
ICT,The National Addressing Bill 2023.pdf,/home/darwin/PRES/Executive/ICT/data/raw/The National Addressing Bill 2023.pdf,API error: Error code: 429 - {'error': {'message': 'Rate limit reached ,The-National-Addressing-Bill-2023.pdf,LOW,ok,
ICT,The-National ICT Masterplan.pdf,/home/darwin/PRES/Executive/ICT/data/raw/The-National ICT Masterplan.pdf,API error: Error code: 429 - {'error': {'message': 'Rate limit reached ,The-National-ICT-Masterplan.pdf,LOW,ok,
ICT,_KICTANet - 2024 Annual Report.pdf,/home/darwin/PRES/Executive/ICT/data/raw/_KICTANet - 2024 Annual Report.pdf,API error: Error code: 429 - {'error': {'message': 'Rate limit reached ,KICTANet---2024-Annual-Report.pdf,LOW,partial,
ICT,_KICTANet Q2 2025 Spotlight Report.pdf,/home/darwin/PRES/Executive/ICT/data/raw/_KICTANet Q2 2025 Spotlight Report.pdf,API error: Error code: 429 - {'error': {'message': 'Rate limit reached ,KICTANet-Q2-2025-Spotlight-Report.pdf,LOW,partial,
ICT,a-Safer-Web-for-Women.pdf,/home/darwin/PRES/Executive/ICT/data/raw/a-Safer-Web-for-Women.pdf,API error: Error code: 429 - {'error': {'message': 'Rate limit reached ,a-Safer-Web-for-Women.pdf,LOW,ok,
ICT,digitalskillsforafricaworldbank.pdf,/home/darwin/PRES/Executive/ICT/data/raw/digitalskillsforafricaworldbank.pdf,API error: Error code: 429 - {'error': {'message': 'Rate limit reached ,digitalskillsforafricaworldbank.pdf,LOW,partial,
ICT,globalstrategydigitalhealthwho.pdf,/home/darwin/PRES/Executive/ICT/data/raw/globalstrategydigitalhealthwho.pdf,API error: Error code: 429 - {'error': {'message': 'Rate limit reached ,globalstrategydigitalhealthwho.pdf,LOW,partial,
ICT,kenya-IGF-report-2019.pdf,/home/darwin/PRES/Executive/ICT/data/raw/kenya-IGF-report-2019.pdf,API error: Error code: 429 - {'error': {'message': 'Rate limit reached ,kenya-IGF-report-2019.pdf,LOW,ok,
ICT,ncsc-annual-review-2025.pdf,/home/darwin/PRES/Executive/ICT/data/raw/ncsc-annual-review-2025.pdf,API error: Error code: 429 - {'error': {'message': 'Rate limit reached ,ncsc-annual-review-2025.pdf,LOW,ok,
Infastructure,1st-Revised-Maintenance-CAPP-2024-2025-HQS-Regions-.pdf,/home/darwin/PRES/Executive/Infastructure/data/raw/1st-Revised-Maintenance-CAPP-2024-2025-HQS-Regions-.pdf,API error: Error code: 429 - {'error': {'message': 'Rate limit reached ,1st-Revised-Maintenance-CAPP-2024-2025-HQS-Regions-.pdf,LOW,partial,
Infastructure,2019-2020 ANNUAL REPORT FINAL.pdf,/home/darwin/PRES/Executive/Infastructure/data/raw/2019-2020 ANNUAL REPORT FINAL.pdf,API error: Error code: 429 - {'error': {'message': 'Rate limit reached ,2019-2020-ANNUAL-REPORT-FINAL.pdf,LOW,ok,
Infastructure,2020-2021- Ketraco annual report- FINAL FOR PRINTING -June 26.pdf,/home/darwin/PRES/Executive/Infastructure/data/raw/2020-2021- Ketraco annual report- FINAL FOR PRINTING -June 26.pdf,API error: Error code: 429 - {'error': {'message': 'Rate limit reached ,2020-2021--Ketraco-annual-report--FINAL-FOR-PRINTING--June-26.pdf,LOW,ok,
Infastructure,2022-2023 ANNUAL REPORT.pdf,/home/darwin/PRES/Executive/Infastructure/data/raw/2022-2023 ANNUAL REPORT.pdf,API error: Error code: 429 - {'error': {'message': 'Rate limit reached ,2022-2023-ANNUAL-REPORT.pdf,LOW,ok,
Infastructure,2023-2024 KETRACO Annual Financial Report (For Web).pdf,/home/darwin/PRES/Executive/Infastructure/data/raw/2023-2024 KETRACO Annual Financial Report (For Web).pdf,API error: Error code: 429 - {'error': {'message': 'Rate limit reached ,2023-2024-KETRACO-Annual-Financial-Report-(For-Web).pdf,LOW,ok,
Infastructure,23.4.25_THE_KENYA_ROADS_KENYA_NATIONAL_HIGHWAYS_AUTHORITY_GENERAL_REGULATIONS_20251-R1.pdf,/home/darwin/PRES/Executive/Infastructure/data/raw/23.4.25_THE_KENYA_ROADS_KENYA_NATIONAL_HIGHWAYS_AUTHORITY_GENERAL_REGULATIONS_20251-R1.pdf,API error: Error code: 429 - {'error': {'message': 'Rate limit reached ,23.4.25_THE_KENYA_ROADS_KENYA_NATIONAL_HIGHWAYS_AUTHORITY_GENERAL_REGULATIONS_20251-R1.pdf,LOW,ok,
Infastructure,Alternative-Business-and-Partnerships-Booklet.pdf,/home/darwin/PRES/Executive/Infastructure/data/raw/Alternative-Business-and-Partnerships-Booklet.pdf,API error: Error code: 429 - {'error': {'message': 'Rate limit reached ,Alternative-Business-and-Partnerships-Booklet.pdf,LOW,failed,
Infastructure,Annual Report 2016-2017.pdf,/home/darwin/PRES/Executive/Infastructure/data/raw/Annual Report 2016-2017.pdf,API error: Error code: 429 - {'error': {'message': 'Rate limit reached ,Annual-Report-2016-2017.pdf,LOW,ok,
Infastructure,Annual Report 2017-2018_0.pdf,/home/darwin/PRES/Executive/Infastructure/data/raw/Annual Report 2017-2018_0.pdf,API error: Error code: 429 - {'error': {'message': 'Rate limit reached ,Annual-Report-2017-2018_0.pdf,LOW,ok,
Infastructure,Annual Report 2018-2019_0.pdf,/home/darwin/PRES/Executive/Infastructure/data/raw/Annual Report 2018-2019_0.pdf,API error: Error code: 429 - {'error': {'message': 'Rate limit reached ,Annual-Report-2018-2019_0.pdf,LOW,ok,
Infastructure,BUS-RAPID-TRANSPORT.pdf,/home/darwin/PRES/Executive/Infastructure/data/raw/BUS-RAPID-TRANSPORT.pdf,API error: Error code: 429 - {'error': {'message': 'Rate limit reached ,BUS-RAPID-TRANSPORT.pdf,LOW,partial,
Infastructure,EPRA Energy and Petroleum Statistics Report FY 2023-2024_2.pdf,/home/darwin/PRES/Executive/Infastructure/data/raw/EPRA Energy and Petroleum Statistics Report FY 2023-2024_2.pdf,API error: Error code: 429 - {'error': {'message': 'Rate limit reached ,EPRA-Energy-and-Petroleum-Statistics-Report-FY-2023-2024_2.pdf,LOW,ok,
Infastructure,EPRA Statistics Report - January - December 2023.pdf,/home/darwin/PRES/Executive/Infastructure/data/raw/EPRA Statistics Report - January - December 2023.pdf,API error: Error code: 429 - {'error': {'message': 'Rate limit reached ,EPRA-Statistics-Report---January---December-2023.pdf,LOW,ok,
Infastructure,EPRA.Biannual Statistics Report 2025-2026_0.pdf,/home/darwin/PRES/Executive/Infastructure/data/raw/EPRA.Biannual Statistics Report 2025-2026_0.pdf,API error: Error code: 429 - {'error': {'message': 'Rate limit reached ,EPRA.Biannual-Statistics-Report-2025-2026_0.pdf,LOW,ok,
Infastructure,EPRA.Statistics-Report-June-2025-Web.pdf,/home/darwin/PRES/Executive/Infastructure/data/raw/EPRA.Statistics-Report-June-2025-Web.pdf,API error: Error code: 429 - {'error': {'message': 'Rate limit reached ,EPRA.Statistics-Report-June-2025-Web.pdf,LOW,ok,
Infastructure,EPRABi-Annual Energy & Petroleum Statistics Report 2024_2025.pdf,/home/darwin/PRES/Executive/Infastructure/data/raw/EPRABi-Annual Energy & Petroleum Statistics Report 2024_2025.pdf,API error: Error code: 429 - {'error': {'message': 'Rate limit reached ,EPRABi-Annual-Energy--Petroleum-Statistics-Report-2024_2025.pdf,LOW,ok,
Infastructure,EPRAEnergy Statistics Report 2020.pdf,/home/darwin/PRES/Executive/Infastructure/data/raw/EPRAEnergy Statistics Report 2020.pdf,API error: Error code: 429 - {'error': {'message': 'Rate limit reached ,EPRAEnergy-Statistics-Report-2020.pdf,LOW,partial,
Infastructure,EPRAEnergy and Petroleum Stats Report 2022.pdf,/home/darwin/PRES/Executive/Infastructure/data/raw/EPRAEnergy and Petroleum Stats Report 2022.pdf,API error: Error code: 429 - {'error': {'message': 'Rate limit reached ,EPRAEnergy-and-Petroleum-Stats-Report-2022.pdf,LOW,ok,
Infastructure,EPRAPetroleum-Report on LPG Depot Safety_0.pdf,/home/darwin/PRES/Executive/Infastructure/data/raw/EPRAPetroleum-Report on LPG Depot Safety_0.pdf,API error: Error code: 429 - {'error': {'message': 'Rate limit reached ,EPRAPetroleum-Report-on-LPG-Depot-Safety_0.pdf,LOW,partial,
Infastructure,Energy-and-Petroleum-Biannual-Statistics-Report-July-December-2023.pdf,/home/darwin/PRES/Executive/Infastructure/data/raw/Energy-and-Petroleum-Biannual-Statistics-Report-July-December-2023.pdf,API error: Error code: 429 - {'error': {'message': 'Rate limit reached ,Energy-and-Petroleum-Biannual-Statistics-Report-July-December-2023.pdf,LOW,failed,
Infastructure,Energy-and-Petroleum-Statistics-Report.pdf,/home/darwin/PRES/Executive/Infastructure/data/raw/Energy-and-Petroleum-Statistics-Report.pdf,API error: Error code: 429 - {'error': {'message': 'Rate limit reached ,Energy-and-Petroleum-Statistics-Report.pdf,LOW,ok,
Infastructure,Environment-and-Social-Commitment-Plan-ESCP-for-GREEN-Phase-2-Project.pdf,/home/darwin/PRES/Executive/Infastructure/data/raw/Environment-and-Social-Commitment-Plan-ESCP-for-GREEN-Phase-2-Project.pdf,API error: Error code: 429 - {'error': {'message': 'Rate limit reached ,Environment-and-Social-Commitment-Plan-ESCP-for-GREEN-Phase-2-Project.pdf,LOW,partial,
Infastructure,FINAL-MAG-The-Energy-Post.pdf,/home/darwin/PRES/Executive/Infastructure/data/raw/FINAL-MAG-The-Energy-Post.pdf,API error: Error code: 429 - {'error': {'message': 'Rate limit reached ,FINAL-MAG-The-Energy-Post.pdf,LOW,ok,
Infastructure,IEA Kenya2024.pdf,/home/darwin/PRES/Executive/Infastructure/data/raw/IEA Kenya2024.pdf,API error: Error code: 429 - {'error': {'message': 'Rate limit reached ,IEA-Kenya2024.pdf,LOW,ok,
Infastructure,Intelligent-Transport-System.pdf,/home/darwin/PRES/Executive/Infastructure/data/raw/Intelligent-Transport-System.pdf,API error: Error code: 429 - {'error': {'message': 'Rate limit reached ,Intelligent-Transport-System.pdf,LOW,partial,
Infastructure,KERRA-Annual-Report-FY-2024-2025.pdf,/home/darwin/PRES/Executive/Infastructure/data/raw/KERRA-Annual-Report-FY-2024-2025.pdf,API error: Error code: 429 - {'error': {'message': 'Rate limit reached ,KERRA-Annual-Report-FY-2024-2025.pdf,LOW,ok,
Infastructure,KPAfinancialstatement20172018.pdf,/home/darwin/PRES/Executive/Infastructure/data/raw/KPAfinancialstatement20172018.pdf,API error: Error code: 429 - {'error': {'message': 'Rate limit reached ,KPAfinancialstatement20172018.pdf,LOW,ok,
Infastructure,KR-Quality-Policy-Statement-2025.pdf,/home/darwin/PRES/Executive/Infastructure/data/raw/KR-Quality-Policy-Statement-2025.pdf,API error: Error code: 429 - {'error': {'message': 'Rate limit reached ,KR-Quality-Policy-Statement-2025.pdf,LOW,ok,
Infastructure,KR-STRATEGIC-PLAN-2022-2027-FINAL2.pdf,/home/darwin/PRES/Executive/Infastructure/data/raw/KR-STRATEGIC-PLAN-2022-2027-FINAL2.pdf,API error: Error code: 429 - {'error': {'message': 'Rate limit reached ,KR-STRATEGIC-PLAN-2022-2027-FINAL2.pdf,LOW,ok,
Infastructure,KURA-Annual-Report-FY24-25-.pdf,/home/darwin/PRES/Executive/Infastructure/data/raw/KURA-Annual-Report-FY24-25-.pdf,KURA Annual Report FY24-25,2024-Annual-Report-KURA-Urban-Mobility.pdf,HIGH,ok,
Infastructure,KURA-REVISED-CLIENT-COPY-AMENDED.pdf,/home/darwin/PRES/Executive/Infastructure/data/raw/KURA-REVISED-CLIENT-COPY-AMENDED.pdf,API error: Error code: 429 - {'error': {'message': 'Rate limit reached ,KURA-REVISED-CLIENT-COPY-AMENDED.pdf,LOW,failed,
Infastructure,KURA-STRATEGIC-PLAN-2023-2027-August2024.pdf,/home/darwin/PRES/Executive/Infastructure/data/raw/KURA-STRATEGIC-PLAN-2023-2027-August2024.pdf,API error: Error code: 429 - {'error': {'message': 'Rate limit reached ,KURA-STRATEGIC-PLAN-2023-2027-August2024.pdf,LOW,ok,
Infastructure,KeNHA-2923-2025-_-Upgrading-of-Nanyuki-Naibor-Doldol.pdf,/home/darwin/PRES/Executive/Infastructure/data/raw/KeNHA-2923-2025-_-Upgrading-of-Nanyuki-Naibor-Doldol.pdf,API error: Error code: 429 - {'error': {'message': 'Rate limit reached ,KeNHA-2923-2025-_-Upgrading-of-Nanyuki-Naibor-Doldol.pdf,LOW,partial,
Infastructure,KeNHA-2924-2025-_-STRENGTHENING-OF-KANDWIA-–-KYUSO-RD-AND-UPGRADING-OF-KYUSO-–-TSEIKURU-B52-RD-PROJECT.pdf,/home/darwin/PRES/Executive/Infastructure/data/raw/KeNHA-2924-2025-_-STRENGTHENING-OF-KANDWIA-–-KYUSO-RD-AND-UPGRADING-OF-KYUSO-–-TSEIKURU-B52-RD-PROJECT.pdf,API error: Error code: 429 - {'error': {'message': 'Rate limit reached ,KeNHA-2924-2025-_-STRENGTHENING-OF-KANDWIA-–-KYUSO-RD-AND-UPGRADING-OF-KYUSO-–-TSEIKURU-B52-RD-PROJECT.pdf,LOW,partial,
Infastructure,KeNHA-Annual-Report-2023-30052024.pdf,/home/darwin/PRES/Executive/Infastructure/data/raw/KeNHA-Annual-Report-2023-30052024.pdf,API error: Error code: 429 - {'error': {'message': 'Rate limit reached ,KeNHA-Annual-Report-2023-30052024.pdf,LOW,ok,
Infastructure,KeRRA-Annual-Report-2022-2023.pdf,/home/darwin/PRES/Executive/Infastructure/data/raw/KeRRA-Annual-Report-2022-2023.pdf,API error: Error code: 429 - {'error': {'message': 'Rate limit reached ,KeRRA-Annual-Report-2022-2023.pdf,LOW,ok,
Infastructure,KeRRA-Annual-Report-FY-2023-2024.pdf,/home/darwin/PRES/Executive/Infastructure/data/raw/KeRRA-Annual-Report-FY-2023-2024.pdf,API error: Error code: 429 - {'error': {'message': 'Rate limit reached ,KeRRA-Annual-Report-FY-2023-2024.pdf,LOW,failed,
Infastructure,KeRRA-FINAL-STRATEGIC-PLAN-2023_2027.pdf,/home/darwin/PRES/Executive/Infastructure/data/raw/KeRRA-FINAL-STRATEGIC-PLAN-2023_2027.pdf,API error: Error code: 429 - {'error': {'message': 'Rate limit reached ,KeRRA-FINAL-STRATEGIC-PLAN-2023_2027.pdf,LOW,ok,
Infastructure,KenGen-Integrated-Report-2024.pdf,/home/darwin/PRES/Executive/Infastructure/data/raw/KenGen-Integrated-Report-2024.pdf,API error: Error code: 429 - {'error': {'message': 'Rate limit reached ,KenGen-Integrated-Report-2024.pdf,LOW,ok,
Infastructure,KenGens-Carbon-Credits-Portfolio.pdf,/home/darwin/PRES/Executive/Infastructure/data/raw/KenGens-Carbon-Credits-Portfolio.pdf,API error: Error code: 429 - {'error': {'message': 'Rate limit reached ,KenGens-Carbon-Credits-Portfolio.pdf,LOW,ok,
Infastructure,Kenya-Leading-Economic-Indicators-December-2025.pdf,/home/darwin/PRES/Executive/Infastructure/data/raw/Kenya-Leading-Economic-Indicators-December-2025.pdf,API error: Error code: 429 - {'error': {'message': 'Rate limit reached ,Kenya-Leading-Economic-Indicators-December-2025.pdf,LOW,partial,
Infastructure,Kenya-National-Highways-Authority-2022_2023.pdf,/home/darwin/PRES/Executive/Infastructure/data/raw/Kenya-National-Highways-Authority-2022_2023.pdf,API error: Error code: 429 - {'error': {'message': 'Rate limit reached ,Kenya-National-Highways-Authority-2022_2023.pdf,LOW,failed,
Infastructure,Kenya-Ports-Authority-2021_2022.pdf,/home/darwin/PRES/Executive/Infastructure/data/raw/Kenya-Ports-Authority-2021_2022.pdf,API error: Error code: 429 - {'error': {'message': 'Rate limit reached ,Kenya-Ports-Authority-2021_2022.pdf,LOW,failed,
Infastructure,Kenya-Quarterly-Gross-Domestic-Product-Third-Quarter-2025.pdf,/home/darwin/PRES/Executive/Infastructure/data/raw/Kenya-Quarterly-Gross-Domestic-Product-Third-Quarter-2025.pdf,API error: Error code: 429 - {'error': {'message': 'Rate limit reached ,Kenya-Quarterly-Gross-Domestic-Product-Third-Quarter-2025.pdf,LOW,ok,
Infastructure,Kenya-Rural-Roads-AuthorityKeRRA-Appropriation-in-Aid-Receipts-on-E-Citizen.pdf,/home/darwin/PRES/Executive/Infastructure/data/raw/Kenya-Rural-Roads-AuthorityKeRRA-Appropriation-in-Aid-Receipts-on-E-Citizen.pdf,API error: Error code: 429 - {'error': {'message': 'Rate limit reached ,Kenya-Rural-Roads-AuthorityKeRRA-Appropriation-in-Aid-Receipts-on-E-Citizen.pdf,LOW,partial,
Infastructure,Kenya_Power_Sustainability_Strategy_2024_18th_Nov.pdf,/home/darwin/PRES/Executive/Infastructure/data/raw/Kenya_Power_Sustainability_Strategy_2024_18th_Nov.pdf,API error: Error code: 429 - {'error': {'message': 'Rate limit reached ,Kenya_Power_Sustainability_Strategy_2024_18th_Nov.pdf,LOW,ok,
Infastructure,LMP-for-Kenya-GREEN-MPA-Phase-2-P180465_KenGen-BESS-Project.pdf,/home/darwin/PRES/Executive/Infastructure/data/raw/LMP-for-Kenya-GREEN-MPA-Phase-2-P180465_KenGen-BESS-Project.pdf,API error: Error code: 429 - {'error': {'message': 'Rate limit reached ,LMP-for-Kenya-GREEN-MPA-Phase-2-P180465_KenGen-BESS-Project.pdf,LOW,partial,
Infastructure,National-Transport-Safety-Authority-2022-2023.pdf,/home/darwin/PRES/Executive/Infastructure/data/raw/National-Transport-Safety-Authority-2022-2023.pdf,API error: Error code: 429 - {'error': {'message': 'Rate limit reached ,National-Transport-Safety-Authority-2022-2023.pdf,LOW,failed,
Infastructure,PAM-4-Road-Safety-Audits.pdf,/home/darwin/PRES/Executive/Infastructure/data/raw/PAM-4-Road-Safety-Audits.pdf,API error: Error code: 429 - {'error': {'message': 'Rate limit reached ,PAM-4-Road-Safety-Audits.pdf,LOW,ok,
Infastructure,RDM-1.1-Topographic-Survey.pdf,/home/darwin/PRES/Executive/Infastructure/data/raw/RDM-1.1-Topographic-Survey.pdf,API error: Error code: 429 - {'error': {'message': 'Rate limit reached ,RDM-1.1-Topographic-Survey.pdf,LOW,ok,
Infastructure,RDM-1.2-Traffic-Surveys.pdf,/home/darwin/PRES/Executive/Infastructure/data/raw/RDM-1.2-Traffic-Surveys.pdf,API error: Error code: 429 - {'error': {'message': 'Rate limit reached ,RDM-1.2-Traffic-Surveys.pdf,LOW,ok,
